remote_hostname,org
google.com,  
gstatic.com,  
spotify.com, Spotify AB 
akamai.net,  
fastly.net,  
googleapis.com,  
doubleclick.net,  
tuyaus.com,  
ytimg.com,  
ampproject.org,  
googleusercontent.com,  
youtube.com,  
allophone.net, ALLO COMMUNICATIONS LLC 
plex.bz,  
llnwd.net,  
amazonaws.com,  
vudu.com, Comcast Corporation 
nvidia.com,  
netflix.com, Netflix  Inc.
plex.tv, Plex GmbH 
phicdn.net,  
tapas.net,  
bshifen.com,  
duapps.com,  
crashlytics.com,  
smartthings.com,  
tegrazone.com,  
podnapisi.net,  
nflxso.net,  
tmdb.org,  
omdbapi.com, Cloudflare  Inc.
bsplayer-subtitles.com,  
cloudflare.net, Cloudflare  Inc.
fanart.tv, Cloudflare  Inc.
facebook.com, Facebook  Inc.
digicert.com, DigiCert  Inc.
amazonvideo.com,  
amazon.com,  
meethue.com, Signify Netherlands B.V. 
philips.com,  
a2z.com,  
weatherbug.net,  
reddit.com, Reddit Inc. 
media-amazon.com,  
localytics.com,  
unity3d.com, Unity Technologies ApS 
bamgrid.com,  
amazonalexa.com,  
cloudfront.net,  
vidible.tv,  
nintendo.net,  
ad-delivery.net, Cloudflare  Inc.
branch.io, Branch Metrics  Inc.
wd2go.com,  
ring.com,  
broadlink.com.cn,  
dlink.com,  
fireoscaptiveportal.com,  
tplinkcloud.com, TP-LINK CORPORATION LIMITED 
amcs-tachyon.com,  
msftncsi.com,  
akamaitechnologies.com,  
lgtvsdp.com,  
akamaiedge.net,  
hulu.com, Hulu LLC 
scorecardresearch.com,  
huluim.com,  
imrworldwide.com,  
akadns.net,  
fwmrm.net,  
nielsencollections.com,  
adswizz.com,  
yahoo.com, Oath Inc 
adsrvr.org,  
advertising.com, Oath Inc 
extremereach.io,  
truste.com,  
mozilla.com,  
microsoft.com, Microsoft Corporation 
aws-prd.net,  
lgappstv.com,  
1e100.net,  
ggpht.com,  
telstra.com, Telstra Corporation Limited 
scdn.co,  
sentry-cdn.com,  
google-analytics.com,  
myskybell.com,  
fxhtest.com,  
dropcam.com,  
nest.com,  
googlesyndication.com,  
ampproject.net,  
monoprice.com,  
edgecastcdn.net, Verizon Digital Media Services  Inc.
mapbox.com,  
tinkercad.com, Autodesk  Inc.
hulustream.com,  
aiv-delivery.net,  
123freecell.com,  
logentries.com,  
radiotime.com,  
bose.io,  
game-mode.net,  
tunein.com, TuneIn Inc. 
myq-cloud.com,  
hp.com, HP Inc 
skyegloup.com,  
websolspk.com,  
wyzecam.com, Cloudflare  Inc.
pubnub.com,  
myharmony.com,  
ip-192-99-14.net,  
clipperoint.com,  
myqnapcloud.com,  
iotcplatform.com,  
samsungiotcloud.com,  
samsungacr.com,  
samsungelectronics.com, Samsung Electronics Co.  Ltd.
samsungnyc.com,  
internetat.tv,  
nflxext.com,  
aioverride.com,  
jzcustomized.com,  
sldc.pl,  
gibdev.ru,  
arbor-observatory.com,  
withings.net,  
dns.google,  
globalsign.net,  
amplitude.com,  
amazon-adsystem.com,  
app.link,  
launchdarkly.com,  
alienvault.com, Cloudflare  Inc.
amazoncrl.com,  
trutri.org, Cloudflare  Inc.
alexa.com,  
hlj.com,  
demandbase.com, Demandbase  Inc.
aiv-cdn.net,  
ringtonematcher.com,  
akamaihd.net,  
youvis.it,  
golperu.pe,  
fungames-forfree.com,  
megirl.com,  
fanduel.com,  
ft.lk,  
ada.lk,  
nflxvideo.net,  
subwayblaze.com,  
sleepnumber.com,  
herokuapp.com,  
bamlabs.com,  
ecobee.com, ecobee  Inc.
xively.com,  
epsonconnect.com, SEIKO EPSON CORPORATION 
49.206.251.2.,  
nflximg.com,  
playstation.net,  
sony.tv,  
sonyentertainmentnetwork.com,  
ndmdhs.com,  
actcorp.in, Atria Convergence Technologies Limited 
netflixdnstest9.com,  
202.83.20.222.,  
202.83.20.186.,  
49.206.251.6.,  
openweathermap.org,  
dune-hd.com,  
googletagservices.com,  
dishanywhere.com, DISH Network Corporation 
echostarcdn.com,  
sling.com, DISH Network Corporation 
echostarbeta.com,  
movetv.com,  
roku.com, Cloudflare  Inc.
adrta.com, Pixalate  Inc.
filenext.com, Cloudflare  Inc.
elasticbeanstalk.com,  
ravm.tv,  
tvsquared.com,  
sonos.com, Sonos  Inc.
amazon.co.uk,  
images-amazon.com,  
amazon.de,  
app-measurement.com,  
flipboard.com,  
celljournalist.com,  
ssl-images-amazon.com,  
trustarc.com,  
amazontrust.com,  
consumerreview.com,  
rr.com,  
timewarnercable.com, Charter Communications Operating  LLC
charter.com, Charter Communications Operating  LLC
spectrum.net,  
rokutime.com,  
quickconnect.to,  
ddns.net,  
dropbox.com, Dropbox  Inc
dropboxapi.com,  
synology.com,  
live.com, Microsoft Corporation 
onedrive.com,  
clo.,  
pub-tmaws.io,  
velocityweather.com,  
webrootanywhere.com,  
headlineleak.com,  
espn.com, The Walt Disney Company 
omanuals.com,  
pluto.tv,  
fos5echocaptiveportal.com,  
hpeprint.com, HP Inc 
arloxcld.com,  
arlo.com, Arlo Technologies  Inc.
2mdn.net,  
myqdevice.com,  
googleadservices.com,  
afterpay.com, Cloudflare  Inc.
tapjoyads.com,  
bugsnag.com,  
nflximg.net,  
amazon-dss.com,  
epicplayzone.com,  
opentlc.com,  
domotz.com,  
fing.io,  
fing.com,  
snapcraft.io,  
measurement-lab.org,  
appspot.com,  
netatmo.net,  
myfoscam.org,  
hinet.net, \U4E2D\U83EF\U96FB\U4FE1\U80A1\U4EFD\U6709\U9650\U516C\U53F8 
teksavvy.com, TekSavvy Solutions Inc. 
cbc.ca, Canadian Broadcasting Corporation 
myfoscam.com,  
fbcdn.net, Facebook  Inc.
xbcs.net,  
wemo2.com,  
epicgames.com,  
honeywell.com, Honeywell International Inc. 
webville.net,  
proxad.net,  
ip-145-239-8.eu,  
6-pgftelecom.com.br,  
rr-severses.no,  
moldtelecom.md, MOLDTELECOM  SATD
tpnet.pl,  
contaboserver.net,  
e-sbl.net,  
axnet.com.br,  
cloudtelecom.com.br,  
northghost.com,  
acxtelecom.net.br,  
ukrtel.net,  
zweiglein.de,  
totalplay.net,  
ibys.com.br,  
comcast.net,  
poda.cz,  
fast.net.id,  
gigawebtecnologia.com.br,  
orange.es, Orange 
netvigator.com, PCCW-HKT DataCom Services Limited 
jazztel.es, Orange 
omsknet.ru,  
t-ipconnect.de,  
vodafone-ip.de,  
duckdns.org,  
rumafia.com,  
telus.net,  
ttnet.com.tr, TTNET A.S. 
rima-tde.net,  
privateinternetaccess.com,  
cgocable.net,  
comcastbusiness.net,  
telefonica.de, Telefonica Germany GmbH und Co. OHG 
telecomitalia.it, Telecom Italia SPA 
telkomadsl.co.za,  
as43234.net,  
ipvanish.com,  
swisscom.ch, Swisscom (Schweiz) AG 
vodafonedsl.it,  
amazoniatelecom.com.br,  
onenet.cw,  
unicsbg.net,  
t-online.hu, Magyar Telekom Nyrt. 
ertelecom.ru, JSC ER-TELECOM HOLDING 
ono.com,  
vectranet.pl,  
tdc.net,  
ocn.ne.jp, NTT COMMUNICATIONS CORPORATION 
andorpac.ad,  
synology.me,  
seed.net.tw,  
merriot.xyz,  
speedy.com.ar, TELEFONICA MOVILES ARGENTINA SA 
verizon.net, Verizon Digital Media Services  Inc.
vpnunlimitedapp.com,  
as25178.net,  
kyivstar.net,  
digikabel.hu,  
wind.it, Wind Tre S.p.A. 
snarc.au,  
eolo.it,  
genmediasys.com, Cloudflare  Inc.
sounetmais.net.br,  
bell.ca, Bell Canada 
veloxzone.com.br,  
perfectpen.us,  
robi.com.mk,  
131.in-addr.arpa,  
wanadoo.fr, Orange 
podolsknet.ru,  
tellas.gr, WIND HELLAS TELECOMMUNICATIONS SA 
aussiebb.net,  
btcentralplus.com,  
localhost.,  
bellaliant.net, Bell Canada 
orange.sk, Orange 
dssott.com,  
go.com,  
pkg.,  
disney-plus.net,  
demdex.net,  
disneyplus.com, The Walt Disney Company 
mgo-images.com,  
mgo.com, Comcast Corporation 
dishtech.us,  
dishaccess.tv,  
digitalsmiths.net,  
dishnetwork.com, DISH Network Corporation 
myicomfort.com,  
yalehomesystem.co.uk,  
pypi.org,  
baidu.com, BeiJing Baidu Netcom Science Technology Co.  Ltd
nordnet.se, Nordnet Bank AB 
darksky.net,  
5123ke.com, Cloudflare  Inc.
shawcable.net, Shaw Cablesystems G.P. 
agoop.net,  
systemcdn.net,  
buildingengines.com,  
whatsapp.net, Facebook  Inc.
incapdns.net,  
urbanairship.com, Urban Airship  Inc.
appcenter.ms, Microsoft Corporation 
alphacdn.net,  
signavio.com,  
linkedin.com, LinkedIn Corporation 
test-app.link,  
twitter.com, Twitter  Inc.
t.co, Twitter  Inc.
capitalonegslbex.com,  
qq.com, Shenzhen Tencent Computer Systems Company Limited 
amazon.ca,  
ensighten.com,  
gvt1.com,  
googlevideo.com,  
instagram.com, Facebook  Inc.
ezvizlife.com, Hangzhou Ezviz Network Co. Ltd.
hik-connect.com,  
moonlight.fyi,  
ip-192-99-160.net,  
ip-147-135-36.us,  
homeassurednow.com,  
gvt2.com,  
meraki.com,  
zillow.com,  
cardgamefreecell.com,  
ibroadlink.com,  
ekctq.com,  
ss2.us,  
cnet.com,  
utwente.nl, Universiteit Twente 
tuyaeu.com,  
linode.com,  
163data.com.cn,  
bbtec.net,  
so-net.ne.jp, Sony Network  Communications Inc. 
gvt.net.br, Cloudflare  Inc.
sbcglobal.net,  
coloring.zone,  
loctelecom.ru,  
caraso.es,  
virtua.com.br,  
dws.ne.jp,  
whitebeard.xyz,  
mm3019.com,  
mts.ru, PJSC Mobile TeleSystems 
ctinets.com,  
vodafone.in, Vodafone Idea Limited 
nuro.jp, Sony Network Communications Inc. 
donpac.ru,  
netjat.com.br,  
enabler.ne.jp,  
ip-91-121-171.eu,  
your-server.de,  
belgacom.be, Proximus NV 
dion.ne.jp,  
prioritytelecom.net,  
cablecolor.hn, Cable Color SA de CV 
telstra.net,  
visnet.pl,  
fastwebnet.it,  
fibertel.com.ar, Telecom Argentina S.A. 
czerecnac.ru,  
nicepy.com,  
vnpt.vn, VIETNAM POSTS AND TELECOMMUNICATIONS GROUP 
corbina.ru,  
t-com.hr, Hrvatski Telekom d.d. 
btc-net.bg,  
ziggo.nl, Ziggo Services B.V. 
da.net.tw,  
asianet.co.th,  
as9105.com,  
adsl.,  
spectrum.com, Charter Communications Operating  LLC
astral.ro,  
penyu.vip,  
vernet.su,  
poneytelecom.eu,  
my3cx.at,  
contabo.net,  
vtr.net, VTR.COM SpA 
home.ne.jp,  
telekom.hu, Magyar Telekom Nyrt. 
softether.net,  
prod-infinitum.com.mx,  
mts-nn.ru,  
hellfish.ca,  
wanidarum.com,  
rain.network,  
stavropol.ru,  
ab.ru,  
102-157-191-218-on-nets.com,  
vectant.ne.jp,  
realtime.am,  
as13285.net,  
loginto.me,  
pldt.net,  
plala.or.jp, NTT Plala Inc. 
sky.com, Sky Limited 
vpnsecure.me, Cloudflare  Inc.
garodo.net,  
fpt.vn, FPT Telecom 
safaricombusiness.co.ke,  
onvol.net,  
netscopebd.com,  
3bb.co.th, Three BB Co.  Ltd.
netcabo.pt,  
mynetgear.com,  
direcway.com,  
is74.ru,  
soervice.com,  
sivagooo.fr,  
eonet.ne.jp,  
telecom.kz,  
imsbiz.com,  
00cdn.com, Shenzhen Tencent Computer Systems Company Limited 
ecnza.net,  
3bb.in.th, Three BB Co.  Ltd.
mysipl.com,  
cdn77.com,  
rt.ru,  
190-20-17-223-on-nets.com,  
bhn.net,  
mistakens.com,  
casasio.co.uk,  
virginm.net,  
icknet.ne.jp,  
tpgi.com.au,  
commufa.jp, CHUBU TELECOMMUNICATIONS CO. INC.
start.ca,  
pkoplink.com,  
clicknetba.com.br,  
so-net.net.tw,  
tomtelnet.ru,  
otenet.gr, Hellenic Telecommunications Organization S.A. 
bbox.fr,  
clickrede.com.br,  
alshamil.net.ae,  
cox.net,  
mxc.ru,  
myaisfibre.com,  
drkether.com,  
ptd.net,  
khakasnet.ru,  
my-seedbox.com,  
jlccptt.net.cn,  
haas-kabeltechnik.de,  
telia.com, Telia Company AB 
gtplkcbpl.in,  
centurytel.net, iMedia Brands  Inc.
byfly.by,  
sibttk.net,  
supernet.com.bo,  
tele2.lv, Tele2 Sverige AB 
zandx.xyz,  
sl-reverse.com,  
megalan.bg,  
online.nl, Canal+ Luxembourg S.a r.l. 
cometa.biz,  
t-mobile.pl, T Mobile Polska S A 
asinetwork.hn,  
mynetname.net,  
cnc.jp,  
fetnet.net, FAR EASTONE TELECOMMUNICATIONS CO.  LTD.
spd-mgts.ru,  
kbronet.com.tw,  
kitanet.ne.jp,  
videotron.ca,  
pikara.ne.jp,  
tbcnet.net.tw,  
sakhttk.ru, CJSC Sakhalin-TransTeleCom 
shpv.eu,  
zsttk.net,  
usib.tv,  
cnt-grms.ec,  
telenor.se, Telenor Sverige AB 
cantv.net,  
alkasar.by,  
udm.net,  
telekom.rs, Preduzece za telekomunikacije Telekom Srbija a.d.  Beograd
zaq.ne.jp, Jupiter Telecommunications Co.  Ltd.
novi.uz.ua,  
att.net,  
frontiernetworks.ca,  
machanet.com.br,  
rdsnet.ro,  
infolink.ru,  
exchangemigrationsolutions.com,  
qwest.net,  
m247.ro, Cloudflare  Inc.
fido.ca,  
telepac.pt,  
ip-142-4-208.net,  
interra.ru,  
gorillaservers.com,  
mtsnet.ru,  
t-com.ne.jp, TOKAI Communications Corporation 
comhem.se, Tele2 Sverige AB 
optinet.bg,  
ranetka.ru,  
bbiq.jp, QTnet Inc.
megabit.com.ua,  
f3322.net,  
bahnhof.se, Bahnhof AB (publ) 
dslavangard.ru,  
ctm.net,  
krasnet.dn.ua,  
as9105.net,  
tele2.se, Tele2 Sverige AB 
comunodius.com,  
avangarddsl.ru,  
triolan.net,  
magadan.su,  
singnet.com.sg,  
netcabo.co.mz,  
glazov.net,  
cachenode.cn, \U957F\U6C99\U5E02\U6469\U6839\U7F51\U7EDC\U79D1\U6280\U6709\U9650\U516C\U53F8 
dyndns.org, Oracle Corporation 
cableworld.es,  
asuscomm.com,  
3cx.in,  
gigalink.net.br,  
inter.net.il,  
optusnet.com.au,  
telecom.net.ar,  
mtu-net.ru,  
btopenworld.com,  
ddns.me,  
remotewd.com,  
tvcabo.ao, TVCABO Angola 
lanoptic.ru,  
skybroadband.com, Sky Limited 
ucom.ne.jp,  
099.net.il, Cloudflare  Inc.
viasultelecom.net.br, TurnKey Linux 
quadranet.com,  
sparkbb.co.nz,  
piaservers.net,  
totinternet.net,  
forthnet.gr,  
atlastravelsonline.com,  
bronbergwisp.co.za,  
chello.pl, Ziggo Services B.V. 
cosmote.net,  
ziggozakelijk.nl, Ziggo Services B.V. 
vom.lutsk.ua,  
keenetic.name,  
virginmobile.ca, Bell Canada 
utg.ge,  
kamchatka.ru,  
rogers.com, Rogers Communications Inc. 
pool.,  
myfritz.net, AVM Computersysteme Vertriebs GmbH 
alivenet.com.br,  
convergeict.com,  
hldns.ru, SomeOrganization 
tbt.ru,  
wbroadband.net.au,  
voxdsl.co.za,  
teleteam-concepts.de,  
idknet.com,  
hkcable.com.hk,  
m1.com.sg, M1 Limited 
tis-dialog.ru, Telekommunikatsii i servis - Dialog LLC 
usbx.me,  
ripe.net,  
radarinternet.com.br,  
metrored.net.mx,  
ltis.net,  
tvhcc.ro,  
tymobilecare.com,  
telecel.com.py,  
nttpc.ne.jp,  
elinx.com.tw, Team Internet AG 
starhub.net.sg,  
intercable.net,  
wakwak.ne.jp,  
broadband.hu,  
triptecnologia.com.br,  
pchelper666.com,  
encoline.de,  
feralhosting.com,  
intelignet.com.br,  
aagei.com,  
yonet.net,  
only.fr,  
masmovil.com, XFERA MOVILES SA 
cy.net,  
myds.me,  
dhcp.,  
hopto.org,  
celloni.com.br,  
link3.net, Link3 Technologies Ltd. 
tedata.net,  
vqbn.com.sg,  
pbx365.cloud,  
dorothyimpeyhome.org.au,  
online.no, TELENOR ASA 
dahuaddns.com,  
cty-net.ne.jp,  
interconnect.cz,  
dslon.ws,  
asahi-net.or.jp,  
banhuuvn.com,  
m-heinrich.de,  
ask4internet.com,  
219-99-254-113-on-nets.com,  
csf.ne.jp,  
chtts.ru,  
ufanet.ru, JSC Ufanet 
myip.org,  
ots-net.ru,  
volia.com, Cloudflare  Inc.
cstnet.ru,  
diskstation.me,  
telekom.at,  
cytanet.com.cy, Cyprus Telecommunications Authority 
hol.gr,  
telenet.be, TELENET B.V. 
vodafone.pt, Vodafone Group Services Limited 
travano.at,  
westcall.net,  
ugratel.ru,  
mchsi.com, iMedia Brands  Inc.
megaseed.kz,  
mark-itt.net,  
mesh.ad.jp,  
dec.net.ua,  
opengw.net,  
211.ru, Siberian Networks Ltd 
ufinet.com.ec, SomeOrganization 
inetia.pl,  
as2116.net,  
bellmts.net,  
la.net.ua,  
qnap.com,  
megaegg.ne.jp,  
vologda.ru,  
xiaoyan.me,  
sfr.net,  
bezeqint.net, Bezeq International Ltd 
assim.net,  
btv.lv,  
tm.net.my,  
digicelbroadband.com,  
drei.com, Hutchison Drei Austria GmbH 
bigtelecom.ru,  
elcom.ru,  
mada.ps,  
bulsat.com,  
telemach.net,  
aviso.ci,  
is.best,  
bt-chat.com,  
izhnt.ru,  
b-domolink.net,  
orange.md,  
dodo.net.au,  
nextra.sk,  
bigpond.net.au,  
simobil.net, A1 Slovenija  d. d.
ip-5-39-81.eu,  
cable.net.co,  
t-2.net, T - 2 d.o.o. 
direct-adsl.nl,  
bai.ne.jp,  
insta.af,  
tokai.or.jp,  
ghvalley.net,  
spcsdns.net,  
chaoize.com,  
telesp.net.br,  
datapacket.com,  
monroeaccess.net,  
prometheuscgi.com,  
servegame.com,  
nct9.ne.jp,  
viettel.vn, VIETTEL TELECOM CORPORATION - BRANCH OF VIETTEL GROUP 
vidnoe.net,  
googlefiber.net,  
as45177.net,  
adopt.su, Adopt-plus 
megared.net.mx,  
networx-bg.com,  
crnagora.net,  
hetnet.nl,  
chinamobile.com,  
netbynet.ru,  
sknt.ru,  
lepidor.com.tn,  
iinet.net.au,  
vodafone.hu, Vodafone Group Services Limited 
siol.net,  
seedbox.io,  
distributel.net, Distributel Communications Ltd. 
simplecloud.ru,  
myvzw.com,  
chariot.net.au,  
scaleway.com,  
ccsln.com,  
nsdfxxhmfx.com,  
fibernet.hu,  
tdsplus.ru,  
claro.net.do,  
abelons.com,  
maxnet.ua,  
ip-142-4-214.net,  
shekenz.net,  
wightman.ca,  
bks-tv.ru,  
cyberhome.ne.jp,  
unitel.com.la,  
seedhost.eu,  
pavlovmedia.net,  
ohtele.com,  
vocus.co.nz,  
moratelindo.co.id, PT Mora Telematika Indonesia 
tds.net, Telephone and Data Systems  Inc.
tv-net.com.ua,  
mrrocketman.com,  
github.com, GitHub  Inc.
mv.ru,  
directv.com.co, DIRECTV Latin America 
sat.poltava.ua,  
metromax.ru, Region Sviaz Konsalt Ltd. 
bredband2.com, Cloudflare  Inc.
hath.network,  
seieditrice.com,  
versanet.de, 1&1 Versatel Deutschland GmbH 
tyumen.ru,  
dis.net,  
aitai.ne.jp, himawari network inc. 
gbsn.com.br,  
qiqixixi.com,  
vivozap.com.br,  
mhnet.com.br,  
ip-37-187-123.eu,  
anti3z.ru,  
centurylink.net, CenturyLink  Inc.
strangled.net,  
adsl-pool.sx.cn,  
camprik.cz,  
suddenlink.net,  
ateky.net.br,  
novotelecom.ru,  
as43289.net,  
bitternet.ua,  
slickvpn.com, Cloudflare  Inc.
eircom.net,  
213.in-addr.arpa,  
lmt.lv,  
a1.net, A1 Telekom Austria AG 
dti.ne.jp,  
digitaladsystems.com,  
home-nadym.ru,  
airservers.org,  
ncv.ne.jp,  
optonline.net, Altice USA  Inc.
gtk.su,  
bs-telecom.net,  
geeksonwheels.net,  
net-htp.de, htp GmbH 
ibercom.com, XFERA MOVILES SA 
iptv.by,  
expressnetw.com,  
toshima.ne.jp,  
unitymediagroup.de,  
teleseti.net,  
passim-service.ru,  
51vip.biz,  
telfy.com,  
hiltbrand.ch,  
e-ports.tech,  
freedif.org,  
ip-147-135-136.eu,  
tula.net,  
vilfoservers.com,  
bagass.tk,  
telkomsa.net,  
tenabletimray.com,  
katch.ne.jp,  
lars-moeller.net,  
rosintel.net,  
keenetic.link,  
135-144-254-113-on-nets.com,  
spectrumnet.bg,  
grupojcc.com.br,  
mm.pl,  
lyse.net,  
veetime.com,  
keenetic.pro,  
volia.net,  
hcho.com.hk,  
zoominternet.net, Judco Management  Inc.
rsspnet.ru, RSVO 
pcpli.net,  
nordvpn.com, Nordvpn S.A. 
virtualassistsolutions.co.za,  
telemach.ba, Cloudflare  Inc.
ma2pattes.ovh,  
ip-91-121-108.eu,  
init.lt, INIT LT  UAB
elisa-laajakaista.fi,  
extmem.space,  
tele2.lt, Tele2 Sverige AB 
freeboxos.fr,  
hejimo.com,  
internetia.net.pl,  
mgp.net.br, SomeOrganization 
freedom1.ru,  
online.tj.cn,  
protonvpn.com,  
sevtele.com,  
iptime.org,  
dawasa.go.tz, e-Government Authority 
hringdu.is,  
apol.com.tw,  
pccw-hkt.com, SomeOrganization 
sevlush.net,  
dzwer.com,  
chao197799.ga,  
cwjamaica.com,  
mnet.bg,  
trkideal.com,  
education-needs.com,  
gmo-isp.jp,  
airtelbroadband.in,  
superonline.net, TURKCELL \U0130LET\U0130\U015E\U0130M H\U0130ZMETLER\U0130 A.\U015E. 
pt.lu,  
timeline.is,  
trionet.cz,  
thesmithnetwork.com,  
advance.com.ar,  
uzpak.uz,  
eter.net.ar,  
cornishsteve.co.uk,  
zen.co.uk,  
wktnet.ru,  
sfc-plk.edu.hk,  
telmex.net.ar,  
pppoe.ca,  
eastlink.ca, Cloudflare  Inc.
42-13-16-223-on-nets.com,  
hispeed.ch,  
lcl.,  
alternativaip.net.br,  
gol.ne.jp,  
c3-net.ne.jp,  
inet.fi,  
indosat.com, PT Indosat Tbk 
fibianet.dk,  
barak-online.net,  
.,  
myslenice.net.pl,  
sector14.co.uk,  
bbexcite.jp,  
ultel-dot-net.,  
real-debrid.com, XT NETWORK SARL 
euskaltel.es, EUSKALTEL SA 
vf.net.nz,  
airtelkenya.com,  
telcominternet.com.br,  
kbtelecom.net,  
experts.net.br,  
vsi.ru,  
zapto.org,  
telone.co.zw,  
super-ddns.com,  
hest-guild.se,  
sparklight.net, Cable ONE Inc. 
activ8me.net.au,  
mail.ru, LLC Mail.Ru 
melkom.ru,  
infoweb.ne.jp,  
amis.hr,  
ufinet.com.co, SomeOrganization 
upc.ch,  
plus.com,  
upcbroadband.cz,  
khakassia.ru,  
archiviomoderno.it, Aruba S.p.A. 
lds.net.ua,  
asianet.co.in,  
kabelnet.hu,  
node-otto.xyz,  
ivnet.ru,  
express.com.ar,  
unraid.net,  
au-net.ne.jp,  
cambrium.nl,  
nzcomms.co.nz, Two Degrees Mobile Limited 
powergate.ca,  
jmhywl.com,  
entry.bg,  
ddnsfree.com,  
strelnikov.tk,  
kabsi.at,  
dctv.com.ph,  
balticom.lv,  
prima.net.ar,  
br27.com.br,  
accessmyhome.net,  
starnet.net.id,  
net1.bg,  
uatel.eu,  
baudom.net,  
kabel-deutschland.de, Vodafone Group Services Limited 
lt-nn.net,  
spmode.ne.jp,  
gen4.ninja,  
ip-54-38-41.eu,  
kwaoo.net,  
zmm.if.ua,  
ooredoo.om, Omani Qatari Telecommunication Company SAOG 
perceval.be,  
intelnet.net.gt,  
ip-139-99-162.net,  
tolna.net,  
clayindustry.co.za,  
ddnss.de,  
ip-139-99-208.net,  
northamericancoax.com,  
no-ip.org,  
speedyline.ru,  
mors.by,  
cablevision.net.mx,  
spurtup.com,  
aptg.com.tw, Asia Pacific Telecom Co.  Ltd.
torguardvpnaccess.com,  
belong.com.au,  
ip-5-39-93.eu,  
quadro.net, Quadro Communications Co-Operative Inc. 
tiffaneyjoywatts.com,  
83-44-16-223-on-nets.com,  
webredirect.org,  
homeserver.com,  
sura.ru,  
mediaserv.net,  
maxxauto.ru,  
bashtel.ru,  
plastec-romania.ro,  
27-static-fiberlink.net.pk,  
donnetwork.ru,  
eaw.com.pl,  
e-kontyr.ru,  
on.net,  
best.net.ua,  
omantel.net.om,  
0wl.in,  
rikt.ru,  
transtelecom.net,  
iveloz.net.br,  
zebra.lt,  
newswiftloan.com,  
saransk.ru,  
lvtelecom.com.br,  
mileswu.xyz,  
opti.net.ua,  
equalitychain.org,  
tiscali.it, Tiscali Italia S.P.A. 
smartone.com, SmarTone Mobile Communications Limited 
ktnet.kg, Parallels 
gdan.com.tw, Synology Inc. 
warabi.ne.jp,  
spbmts.ru,  
v6connect.net, ASAHI Net  Inc.
mezon.lt,  
rightside.ru,  
primorye.ru,  
bilivideo.cn,  
hennvr-ddns.com,  
linkfort.com.br,  
compuservice.psi.br,  
bnet.com.br,  
21.ru,  
88.in-addr.arpa,  
asd.tj.cn,  
zilliondata.net, Cloudflare  Inc.
hideservers.net, eVenture Limited 
lemonmiao.top,  
xplornet.com,  
cna.ne.jp,  
wideopenwest.com,  
kolevino.com,  
icn.od.ua,  
mynts.ru,  
kdm.net.br,  
nordnet.fr, NORDNET SA 
2day.kz,  
cabonnet.com.br,  
odn.ad.jp, SoftBank Corp. 
wedowireless.co.za,  
ip-198-27-64.net,  
e-consultoriadigital.com.br,  
lzihan.com,  
ip-192-99-35.net,  
cliente-sumicity.net.br,  
uq.edu.au, The University of Queensland 
wildpark.net,  
xs4all.nl,  
luga.net.ua,  
soultelecom.net.br,  
nile-online.net,  
cmw0403.top,  
halleytelecom.com.br,  
k-telecom.org,  
iw-net.com.br,  
remotewebaccess.com,  
afrihost.joburg,  
vultr.com,  
lancom.kiev.ua,  
i234.me,  
cipher.co.th, Cloudflare  Inc.
yota.ru,  
itscom.jp,  
163-cdn.com,  
altel.kz,  
withhome.biz,  
amsterdamresidential.com,  
knology.net,  
put.io,  
tegh.am,  
westlan.ru,  
novis.pt,  
tbc.bg,  
Permana-AS131746.,  
nsk.ne.jp, \U682A\U5F0F\U4F1A\U793E\U30CD\U30B9\U30AF 
mytrinity.com.ua,  
orionnet.ru,  
comunitel.net,  
mics.ne.jp,  
asta-net.com.pl,  
twmbroadband.net,  
cilichong.xyz,  
redcom.ru,  
skynetinternet.co.uk,  
maiti.info,  
wananchi.com,  
reallifetelecom.com.br,  
idioming.com,  
epm.net.co,  
faked.org,  
155-246-255-113-on-nets.com,  
cgates.lt, UAB Cgates 
73-99-191-218-on-nets.com,  
texascom.net,  
prosto-internet.com,  
wimaxonline.es,  
hlink.dp.ua,  
netvision.net.il,  
keralavisionisp.com,  
ts35.ru,  
issr.ru,  
afrihost.co.za,  
actv.ne.jp,  
no-data.,  
yournet.ne.jp,  
uar.net,  
logixcrazycraft.com,  
136.in-addr.arpa,  
kabel-badenwuerttemberg.de,  
colocrossing.com,  
gaston.com.ar, Cloudflare  Inc.
zsypin.com,  
yaroslavl.ru,  
numericable.fr,  
turontelecom.uz,  
m1net.com.sg,  
orange.net.il,  
orange.pl, Orange Polska S.A. 
tigo.com.co, Millicom International Services LLC 
scts.tv,  
elisa.ee,  
jimzhang.vip,  
cyfrowypolsat.pl, Cyfrowy Polsat S.A. 
ayu.ne.jp,  
intelvision.net,  
atnet.ru,  
netassist.ua,  
bbtcat.tk,  
nt55.ru,  
epix.net,  
myftp.biz,  
szbdyd.com,  
telecentro-reversos.com.ar,  
mmsean.net,  
kcn.ne.jp,  
34894.website,  
toya.net.pl,  
hitmetv.com,  
safe-home.com,  
plus.net,  
dnepro.net,  
triera.net,  
ajans3.org,  
edit.ne.jp,  
monova.org,  
ptcomm.ru,  
ondsl.gr,  
tenet.odessa.ua,  
skynetempresarial.com.br,  
starman.ee,  
nov.ru,  
zeus.poltava.ua,  
o2.com, Telefonica UK Limited 
irtel.ru,  
iok.la,  
avato.com.br,  
atlanticbb.net, Cogeco US Finance  LLC
shabla.net,  
inetpckb.cz,  
inetcom.ru,  
vms-online.ru,  
cablevision.qc.ca,  
adsl.co.za,  
tokasioso.jp,  
vpn.ht,  
adamo.es, Cloudflare  Inc.
rock-hosting.net,  
vladlink.net,  
ip-198-100-149.net,  
plateautel.net,  
unity-media.net,  
chello.nl, Ziggo Services B.V. 
turbonettelecom.com.br,  
volgaline.ru,  
zelenaya.net,  
anteldata.net.uy,  
coolideas.co.za, Cloudflare  Inc.
interbgc.com,  
medias.ne.jp,  
wdtest8.com,  
tcv.bg,  
soes.su,  
romtelecom.net,  
batelco.com.bh,  
emfme.net,  
oroscom.hu,  
macrolan.co.za,  
antbd.net,  
inter-com.ru,  
cryptostorm.ch,  
yfcalc.com,  
uxfordev.com,  
threembb.co.uk,  
saturn.tj,  
danpro.ru, DANCER LLC 
ferimex.net,  
fcgi.com,  
brgada.com,  
dimensionesrl.eu,  
e-catv.ne.jp,  
selfip.com,  
mweb.co.za, Internet Solutions pty (ltd) 
tele2.kz,  
hnpt.com.vn,  
cyta.gr,  
fiberlink.ro,  
umc.net.ua,  
ztv.ne.jp,  
vinschgerhof.com,  
nsysu.edu.tw,  
g-service.ru,  
etisalat.com.eg,  
dsl-net.ch,  
kpn.net, KPN B.V. 
miks-it.ru,  
satnet.net, Fortinet Inc. 
pol.ir,  
telecet.ru,  
ip-54-37-218.eu,  
orbital.bg,  
www40518.com,  
arkada-x.com,  
dianet.ru,  
mobtelecom.com.br,  
iprimus.net.au,  
zuknet.com,  
avast.com, Avast Software s.r.o. 
erstebank.rs, s IT Solutions AT Spardat GmbH 
btireland.net,  
omkc.ru, Omskie kabelnye seti OOO 
dishboxes.com,  
openmobile.ne.jp,  
trust.zone, Internet Privacy Ltd 
mapn.eu,  
iblnet.com.br,  
ipdisk.co.kr,  
artnet.dn.ua,  
vipmobile.rs, A1 Srbija d.o.o. Beograd 
three.co.id,  
kuzbass.net,  
zz.ha.cn,  
net.ru,  
hargray.net,  
ajato.com.br,  
lagoon.nc, OFFRATEL S.A.S. 
kosnet.ru,  
zare.com,  
donbass.com,  
dyndns.tv,  
tvcom.ru,  
aqs22a.com,  
maryno.net,  
cikguirda.com,  
cyberia.net.lb, Transmog Inc SAL 
onego.ru,  
ns01.biz,  
girlsinyogapantz.com, Cloudflare  Inc.
seedbox.fr,  
sevstar.net,  
nexicom.net,  
espeed.com.bn,  
st-net.ru,  
setitagila.ru,  
srvcon.se,  
wishnet.in,  
movilnet.com.ve,  
cpms.ru,  
ice-dust.com,  
ctt.ne.jp,  
porpiak.com, Cloudflare  Inc.
blizoo.bg, Mobiltel EAD 
kaluga.ru,  
dwcamp.net,  
protoactnetworks.com,  
signaltv.net, Signal  LLC 
libertypr.net,  
xnet.hr,  
dynu.com,  
ktv.net.ua,  
realcrimea.net,  
mkpnet.ru,  
dataline.net.ua,  
planet.nl,  
3cx.co.nz,  
hotbl.xyz,  
razzy.tv,  
eletropaulotelecom.com.br,  
gtu.net.ua,  
g3telecompi.com.br,  
luody.info,  
lipetsk.ru,  
ecutel.net.ec,  
thelebelfamily.com,  
natanet.ru,  
telecom.by,  
eastern-tele.com,  
26-60-253-113-on-nets.com,  
coucou-networks.fr,  
ntebredband.no,  
mayday.tw,  
clan-venom.nl,  
cmcti.vn,  
alania.net,  
hughesnet.com.br,  
adslplus.ch,  
dvois.com,  
31.135.76.81.,  
proximanet.ru,  
s1nger.de,  
netfour.ne.jp,  
jupiter.com.br,  
fuse.net,  
studiassociatiferro.it,  
familyds.org,  
codetel.net.do,  
extel-gsm.com,  
iol.cz,  
pulsedmedia.com,  
totisp.net,  
cipherwave.net,  
bitcointernet.co.za,  
access-internet.ne.jp,  
nej.cz,  
irknet.ru,  
parsonline.net,  
mtel.net,  
mazedanetworks.net,  
hisky.com.tw,  
novuscom.net,  
megatel.co.nz, Nova Energy Limited 
sytes.net,  
ultranetgroup.com.ua,  
planeta.tc,  
m-net.ne.jp,  
seccn.com,  
pcbto.com,  
upcbusiness.at, T-Mobile Austria GmbH 
interkonekt.ru,  
format-tv.net,  
mgn.ru,  
haginet.ne.jp,  
sannet.ne.jp,  
hickorytech.net,  
sonic.net,  
zz.am,  
uch.net,  
aapt.com.au,  
upc.ie, Liberty Global Services B.V. 
chief.net.tw,  
eaccess.ne.jp,  
mobilinkinfinity.net.pk,  
doubleroute.jp,  
stofanet.dk,  
teridions.net,  
drx.fun,  
kcell.kz,  
magticom.ge, Magticom Ltd 
spark-ryazan.ru,  
foxriverchristian.org,  
crazyweb.co.za,  
ip-51-38-115.eu,  
zhjah.cn,  
suportinet.com,  
sbb.rs, Cloudflare  Inc.
ownit.se,  
obit.ru,  
ip-188-165-209.eu,  
esoo.ru,  
in2cable.com,  
140-18-252-113-on-nets.com,  
divinehawk.com,  
youbroadband.in, YOU Broadband India Limited 
qfiber.it,  
ostkom.lv,  
hotnet.net.il,  
mns.ru,  
procono.es,  
stardesign.ro,  
fline.com.ua,  
ttkdv.ru,  
inmsheng.com.tw,  
glasoperator.nl,  
play-internet.pl,  
biatv.hu,  
37.in-addr.arpa,  
iam.net.ma,  
elisa-mobile.fi,  
brasiltelecom.net.br,  
golden.ru, Unconfigured OpenSSL Installation 
38hr.ru,  
skynewtelecom.com.br,  
airtel.co.tz, Cloudflare  Inc.
1-sys.ru,  
ovh.net,  
jmdi.pl,  
rainierconnect.com, Rainier Connect 
viareal.com.br,  
vlz.su, Powernet Ltd 
hormouth.com,  
eleventh35394.com,  
ucom.am,  
gccenter.ru,  
algarnetsuper.com.br,  
wtt.net.hk,  
convex.ru,  
webtor.io, Cloudflare  Inc.
iptelecom.net.ua,  
myasustor.com,  
tinconet.ru,  
mi.com,  
superpoker999.com,  
dedicatedpanel.com,  
cosmthome.com,  
ip-192-99-101.net,  
kochava.com,  
twitch.tv,  
espncdn.com,  
nvidiagrid.net,  
conviva.com,  
samplicio.us,  
doubleverify.com,  
innovid.com, Cloudflare  Inc.
tremorhub.com,  
flashtalking.com,  
tapad.com, Tapad  Inc.
placed.com,  
mookie1.com,  
serving-sys.com,  
agkn.com,  
tesla.services, Cloudflare  Inc.
krxd.net,  
clearcareonline.com, Wellsky Corporation 
adobeprimetime.com,  
adobe.io, Adobe Inc. 
researchnow.com,  
jwplayer.com, Cloudflare  Inc.
adsafeprotected.com,  
insightexpressai.com,  
bbcverticals.com,  
alphonso.tv, Alphonso Inc. 
bluekai.com, Oracle Corporation 
pixsrvcs.com,  
ispot.tv, iSpot.TV  Inc.
samba.tv,  
atdmt.com,  
twitchcdn.net,  
adobe.com, Adobe Inc 
datadoghq.com,  
pmsrv.co,  
llnwi.net,  
tplinkra.com,  
picap.app,  
slack.com, Slack Technologies  Inc.
nintendo.com, Nintendo of America Inc. 
104.77.226.194.,  
teslamotors.com,  
airbnb.com, Airbnb  Inc.
googletagmanager.com,  
yahoodns.net,  
bing.com,  
muscache.com,  
netgear.com,  
hp10.us,  
ltsapis.goog,  
synocommunity.com,  
100-21.tk,  
211.in-addr.arpa,  
hosteurope.de,  
kimsufi.com,  
mlinks.cc,  
emule.org.cn,  
ys7.com, HANGZHOU EZVIZ NETWORK CO.  LTD.
level3.net, CenturyLink  Inc.
footprint.net,  
cphub.net,  
logmeininc.com, LogMeIn  Inc.
mozilla.net,  
sc-static.net, Snap Inc. 
stretchoid.com,  
wordfence.com,  
10trum.de,  
adc.de,  
sds.com.tw,  
directwebhost.org, mail.directwebhost.org 
dscloud.biz,  
wia.cz,  
cloud-xip.io,  
onetwotrade.com, Cloudflare  Inc.
telecomputing.se,  
myabell.net,  
samsungcloudsolution.com,  
neatocloud.com,  
samsungotn.net,  
llnw.net,  
roblox.com,  
akacdn.co,  
forsakringskassan.se,  
proxyplanet.xyz,  
airthin.gs,  
clashroyaleapp.com,  
dmcdn.net,  
rbxcdn.com,  
flickr.com,  
cloudapp.net,  
samsungqbe.com,  
pavv.co.kr,  
samsungcloudcdn.com,  
hbonordic.com, HBO Nordic AB 
clearleap.com,  
cugolo.com,  
216.in-addr.arpa,  
ip-192-99-15.net,  
liquidmemory.xyz,  
amcrestview.com,  
amcrestsecurity.com,  
amcrestcloud.com,  
weather.com, TWC Product and Technology  LLC
thingsview.net,  
aliyuncs.com, Alibaba (China) Technology Co.  Ltd.
jfgou.com,  
tivoservice.com,  
tivo.com, TiVo Corporation 
absorbtraining.com,  
mydlink.com, D-LINK CORPORATION 
svtstatic.se,  
svt.se, Sveriges Television Aktiebolag 
blogspot.com,  
sense.com,  
opendns.com,  
siriusxm.com, SiriusXM Radio Inc. 
bosecm.com,  
cityseeker.com,  
flood-beta.ninja,  
xiaomi.com,  
peer5.com,  
samsung.com, Samsung Electronics Co.  Ltd.
glpals.com,  
cdninstagram.com,  
fbsbx.com, Facebook  Inc.
ifokus.se,  
wordpress.com,  
aviculturehub.com.au, Cloudflare  Inc.
americanlisted.com,  
petguide.com,  
pinimg.com, Pinterest  Inc.
wikimedia.org,  
wp.com,  
helpshift.com,  
samsungcloud.com,  
nianticlabs.com,  
adjust.com, Adjust GmbH 
braze.com,  
leanstream-hq.com,  
envisacor.com,  
zoom.us, Zoom Video Communications  Inc.
saasprotection.com,  
sunlife.com, Sun Life Assurance Company of Canada 
solaredge.com, SolarEdge Technologies  Inc.
flingo.tv,  
logitechmusic.com,  
lifx.co,  
playstation.com, Sony Interactive Entertainment LLC 
ea.com, Electronic Arts  Inc.
easports.com, Electronic Arts  Inc.
204.176.49.116.,  
midco.net,  
crackle.com, Chicken Soup For The Soul Entertainment  Inc
supercell.com,  
cnn.com,  
ui.com,  
adthrive.com,  
ubnt.com,  
gumgum.com,  
startribune.com,  
otvprerana.com,  
tigoune.com.co,  
netlife.ec, Megadatos S.A 
mtaonline.net,  
amarillowireless.net,  
windstream.net, Windstream Communications  LLC
msfiber.net,  
acsalaska.net,  
grandenetworks.net,  
cableonline.com.mx,  
fibercorp.com.ar, Cablevision S.A. 
metronetinc.net,  
45.in-addr.arpa,  
ctcinet.com,  
allwest.net,  
gondtc.com, North Dakota Telephone Company 
digitalpath.net,  
sasknet.sk.ca,  
chtrptr.net,  
gosemofiber.com,  
frontiernet.net, Frontier Communications Of America  Inc.
catt.com,  
surewest.net,  
oricom.ca,  
localaccess.com, Rainier Connect 
epbfi.com, Electric Power Board Of Chattanooga 
tularosa.net,  
primus.ca,  
casscomm.com,  
nctv.com,  
qiniq.com,  
carolinaconnect.net,  
ct.co.cr,  
geusnet.com,  
nc.de,  
agtnet.com.br,  
broadband.vi,  
united.net,  
footstepscare.net,  
vianet.ca, Vianet Inc 
prod-dial.com.mx,  
InterCable.net,  
sssnet.com,  
prtc.net,  
cipherkey.com,  
vastbb.net,  
velotech.net, Velocity Communications  Inc.
une.net.co, UNE EPM Telecomunicaciones S.A. 
cgocable.ca,  
etb.net.co,  
voo.be, Cloudflare  Inc.
callplus.net.nz,  
myactv.net,  
myops.net,  
bellsouth.net,  
buckeyecom.net,  
knet.ca,  
axiscam.net, Axis Communications AB 
usinternet.com,  
arvig.net,  
bresnan.net,  
abbnebraska.com,  
vyvebroadband.net,  
lpcnextlight.net,  
skybeam.com,  
premieronline.net,  
gci.net, GCI COMMUNICATION CORP. 
twimg.com,  
deadorbit.net,  
gravityshavings.net,  
ada.support,  
exede.net,  
brightohio.net,  
midrivers.com,  
fidnet.com,  
gwtc.net,  
broadstripe.net,  
ngl.ninja,  
westmancom.com,  
deidrichfehr.com,  
accesscomm.ca,  
juniornet.psi.br,  
1scom.net,  
702com.net,  
consolidated.net,  
allcom.net,  
zayo.com, Cloudflare  Inc.
northwestel.net,  
whipplash.net,  
embarqhsd.net,  
rcn.com,  
campuscommunicationsgroup.com,  
wcufiber.net,  
chibardun.net,  
orionvm.net,  
mnsi.net, Managed Network Systems Inc 
pacificonet.cl,  
desktop.com.br, DESKTOP - SIGMANET COMUNICACAO MULTIMIDIA S.A. 
bungie.net,  
inbnet.com.br,  
centertel.pl, Orange Polska S.A. 
telenet.ru,  
radionetwork.com.ua,  
cableonda.net,  
fire2wire.com,  
derytele.com,  
kc.net.uk,  
wirteksrl.it,  
digimobil.es,  
gol.net.gy,  
bevcomm.net,  
hcinet.net,  
netcomp.se,  
telfort.nl,  
194.in-addr.arpa,  
intrstar.net, Star Telephone Membership Corporation 
dip.jp,  
as8758.net,  
telecolumbus.net,  
rcncustomer.com,  
timbrasil.com.br,  
96-60-253-113-on-nets.com,  
tropolys.de,  
ctvea.net,  
sibset.net,  
xdsl.is,  
telnor.net,  
wadsl.it,  
surfer.at,  
ewe-ip-backbone.de,  
opaltelecom.net,  
conectrj.com.br,  
nedetel.net,  
sensyu.ne.jp,  
dnainternet.fi,  
certto.com.br,  
bcube.co.uk,  
synapse.ne.jp,  
lsnetworks.net,  
linkline.com,  
aso.ne.jp,  
wtnet.de,  
mandelasos.com,  
eurosignal.cz,  
diegoperello.com,  
getinternet.no,  
mylightsite.com,  
upc.nl, Ziggo Services B.V. 
scarlet.be, Scarlet Belgium NV 
comporium.net,  
netwtelecom.com.br,  
ebox.net,  
entelchile.net,  
cot.net,  
directcom.com, Cloudflare  Inc.
j-cnet.jp,  
truvista.net,  
socitel.com.br,  
em-net.ne.jp, Tsunagu Network Communications  Inc.
tcox.org,  
eaglecable.net,  
bluestreamfiber.net,  
wifirst.net, Cloudflare  Inc.
dellcity.com,  
eatel.net, EATEL 
axion.ca,  
a85.com.br,  
cbn.net.id, PT Cyberindo Aditama 
mctv.ne.jp,  
mcnm.us,  
beehivebroadband.com, Cloudflare  Inc.
alexmcarthur.co.uk,  
exetel.com.au,  
ntlworld.ie,  
vtx1.net,  
tripleplugandplay.com, AVAYA 
mnet-online.de,  
ashlandfiber.net,  
tks-net.com,  
lusfiber.net,  
razzolink.com,  
ciello.com,  
tctwest.net,  
ecua.net.ec,  
ecutel.net,  
infoaomori.ne.jp,  
hawaiiantel.net, HAWAIIAN TELCOM SERVICES COMPANY  INC.
my3cx.es,  
dg-w.de,  
cepralnet.com.ar,  
reverse-mundo-r.com,  
jroos.de,  
dns1.us,  
epbinternet.com,  
comwave.net,  
as47377.net,  
acndigital.net,  
sdncommunications.com,  
maxxsouthbb.net,  
pbband.net,  
zc.net.sa,  
myacc.net, Cloudflare  Inc.
greenmountainaccess.net, Selectronics Corporation 
midplains.coop, SomeOrganization 
dtccom.net,  
enivest.net,  
1u.ms,  
hwccustomers.com,  
ztomy.com, testexample 
cablelynx.com,  
amnelsongroup.com,  
netptc.net,  
yujitube.com,  
ifibertv.com,  
guam.net,  
fenix-fiber.com.br,  
ssservicios.com.ar,  
mycingular.net,  
stratanetworks.com,  
sr.se, Sveriges Radio Aktiebolag 
imgix.net,  
110.43.0.83.,  
phuket.com,  
csc-scc.gc.ca, Correctional Service of Canada 
fandango.com, Comcast Corporation 
plex.direct,  
solitairesummer.com,  
yimg.com, Oath Inc 
snapchat.com, Snap Inc. 
fbpigeon.com,  
telephony.goog,  
teddy-apig-example.com,  
cachefly.net,  
blubrry.com,  
twit.tv,  
brightline.tv,  
amazon.co.jp,  
telstra.com.au, Telstra Corporation Limited 
easy4ipcloud.com,  
quickddns.com,  
ttvnw.net,  
google.se,  
mixer.com, Facebook  Inc.
zackhow.land,  
jtvnw.net,  
sonos.radio,  
google.com.au,  
leanstream.co,  
goo.gl,  
mineproxy.club,  
samsungcloudsolution.net,  
samsungads.com, Samsung Electronics America  Inc.
amplifyapp.com,  
mineget.site,  
pbs.org,  
lldns.net,  
cdn-apple.com,  
logitech.io,  
directv.com, DIRECTV  LLC.
blisspointmedia.com,  
dng.com,  
site.arq.br,  
54.39.158.232.,  
cdk.com, CDK Global  LLC
testcld.click,  
samsungosp.com,  
mzstatic.com, Apple Inc. 
atomtickets.com, Atom Tickets  LLC
gmail.com,  
iotrustpreprod.com,  
radioburgerfuel.com,  
e2ma.net,  
google.de,  
vewd.com,  
one.one,  
yandex.net, Yandex LLC 
google.com.br,  
michaelcrisp.com.au,  
github.io, GitHub  Inc.
hdvbapp.casa,  
cdnlast.com,  
cloudflare.com, Cloudflare  Inc.
filmix.vip,  
5.61.48.15.,  
dkc7dev.com, Cloudflare  Inc.
mxplay.com,  
mzona.net,  
ustore.bz,  
prostovpn.org,  
ellinagraypel.com,  
zona.plus,  
live2.pw,  
bigfilm.tv,  
blogspot.de,  
lgsmartad.com,  
lge.com,  
vpsvc.com,  
tado.com,  
marantz.info,  
nettvservices.com, TP Vision Holding B.V. 
corio.com,  
zeasn.tv,  
tpv-analytics.com,  
wdc.com,  
google.ca,  
ip-192-99-4.net,  
web-hosting.com,  
tutk.com,  
cloudfro.,  
addradio.net,  
squeezenetwork.com,  
supersonicads.com,  
coolkit.cc, coolkit 
immedia-semi.com,  
xmeye.net,  
my-alfred.com,  
secu100.net,  
gepush.com, \U6BCF\U65E5\U4E92\U52A8\U80A1\U4EFD\U6709\U9650\U516C\U53F8 
xmsecu.com,  
taobao.com, Alibaba (China) Technology Co.  Ltd.
igexin.com,  
coolkit.cn,  
firefox.com,  
signal.is,  
gunmemorial.org,  
netsip.net.au,  
skymesh.net.au, SkyMesh Pty Ltd 
hvvc.us,  
saiglobal.com,  
pelmorex.com, Cloudflare  Inc.
molekule.com,  
vimeo.com, Cloudflare  Inc.
boltdns.net,  
bellmedia.ca,  
ted.com,  
adrise.tv,  
hdhomerun.com, Cloudflare  Inc.
edgesuite.net,  
simplisafe.com,  
sensemecloud.com,  
setveintiuno.com,  
dzcdn.net,  
j-train.net,  
turner.com,  
demonware.net,  
choopa.net,  
mlg.com,  
majorleaguegaming.com,  
imctv.com,  
axtel.net,  
digis.net,  
whclife.com,  
meross.com,  
apple.com, Apple Inc. 
wuaki.tv, RAKUTEN TV EUROPE S.L. 
playbattlegrounds.com,  
telmtp.xyz,  
philo.com,  
zillowstatic.com,  
trafficmanager.net,  
newrelic.com,  
virtualearth.net,  
hbo.com,  
accuweather.com, Accuweather  Inc.
company-target.com,  
d41.co, The Dun & Bradstreet Corporation 
zp-cdn.com,  
evergreen.space,  
drmtoday.com,  
segment.io,  
jobcase.com,  
youversionapi.com,  
moatads.com, Oracle Corporation 
adgrx.com,  
spotxchange.com, SpotX  Inc.
truoptik.com, Cloudflare  Inc.
turn.com, Simplit SPA 
tweed.com,  
vindicosuite.com,  
mobileposse.com,  
imtwjwoasak.com,  
pointmediatracker.com,  
bidr.io,  
samsungdm.com,  
adnxs.com,  
exelator.com, THE NIELSEN COMPANY (US)  LLC
stickyadstv.com,  
champion-cd.com,  
bluecava.com,  
underarmour.com,  
clouddevice.io,  
azure-devices.net,  
dolceviva.com,  
micpn.com,  
vrbo.io, Expedia  Inc
discovery.com,  
tinyco.com,  
dpreview.com,  
tlnk.io,  
dotomi.com,  
ieee.org, The Institute of Electrical and Electronics Engineers  Inc.
elnorte.com,  
tryinvision.com,  
podtrac.com,  
npr.org,  
acast.com,  
akamaized.net,  
bbc.co.uk, BRITISH BROADCASTING CORPORATION 
enphaseenergy.com,  
issuu.com,  
showtimeanytime.com, CBS Corporation 
servenobid.com,  
technolutions.net,  
goto-rtc.com,  
netatmo.com,  
flacsfor.me,  
estpak.ee,  
blic.net,  
51tutu.me,  
aruba.it, Aruba S.p.A. 
dcsi.net.au,  
ikexpress.com,  
notevenanything.com,  
archerage.to,  
downtofoie.com,  
m247.com, Cloudflare  Inc.
bnr.la,  
shadiku.com,  
here-for-more.info,  
0x8a.com,  
3cx.us,  
shodan.io, Cloudflare  Inc.
medianet-world.de,  
56awp.pw,  
secureconnect.me,  
ovpn.com,  
rossholidays.nl,  
130db.lv,  
danishparmelee.com,  
iteration-x.dk,  
roelofs.net,  
holdyourbreath.de,  
wicon.ru,  
wunderground.com, TWC Product and Technology  LLC
adlightning.com,  
bhvrdbd.com,  
coxautoservices.com,  
c.,  
hyjoo.com,  
tp-link.com,  
ip-192-99-8.net,  
povd.com,  
110.43.0.85.,  
awair.is,  
socialpointgames.com,  
epicstream.com, Cloudflare  Inc.
printfreegraphpaper.com,  
serif.com,  
amazon.dev,  
ibytedtos.com,  
osquery.io,  
chime.aws,  
aol.com, Oath Inc 
mydrobo.com,  
pmc.com,  
orbitbhyve.com,  
hbomax.com,  
awsglobalaccelerator.com,  
go-mpulse.net,  
transacme.com,  
nextdoor.com,  
dailymirror.lk,  
tomorrowoman.com,  
52.216.146.11.,  
rickysquarkwh.club,  
52.216.114.115.,  
sndcdn.com,  
soundcloud.com,  
nbc.co,  
coapciserver.net,  
cspserver.net, SAMSUNG ELECTRONICS CO. LTD 
mxplayer.in,  
miui.com,  
zdf.de, ZDF Zweites Deutsches Fernsehen 
ioam.de,  
zwyr157wwiu6eior.com, Cloudflare  Inc.
appsflyer.com,  
thematadors.net,  
ip-158-69-252.net,  
fongo.com,  
voip.ms, Cloudflare  Inc.
obihai.com,  
freephoneline.ca,  
obitalk.com,  
airable.io,  
ip-37-187-126.eu,  
pwd.ca,  
ip-192-99-2.net,  
alfa-system.net,  
elcano.us, Nginx Proxy Manager 
zbigz.com,  
worldstream.nl,  
datahound.com,  
mr.org.pl,  
devuan.org,  
itismini.com,  
kphservices.com,  
ip-5-135-143.eu,  
cablemo.net,  
shir.su,  
ip-94-23-248.eu,  
prtelecom.hu,  
team-elite.fr,  
250.in-addr.arpa,  
cli-eurosignal.cz,  
ambulatoryclam.net,  
innzide.de,  
whatbox.ca,  
dresalva.com,  
ip-5-135-163.eu,  
webservices.de,  
flex.ru,  
jbertozzi.org,  
ip-46-105-96.eu,  
darksaturn.com,  
fraxul.net,  
ip-91-121-77.eu,  
webproxylist.biz,  
ip-213-251-187.eu,  
gaytorrent.ru,  
hsnali8nnz9.com,  
ip-91-121-221.eu,  
convergentindia.com, Cloudflare  Inc.
icn.ua,  
fifetxav.net, localhost 
tecracoin.io,  
databaar.ch,  
szyrt.hu,  
ibnsina.edu.sa,  
copelfibra.com.br,  
chuccck.com,  
brisanet.net.br,  
girvanfamily.net,  
as55666.net,  
lookedoffer.com,  
3cx.az,  
at-home.ru,  
northnet.ru,  
lanex.hu,  
reverse-dns.,  
blacknight.ie,  
ugmk-telecom.ru, LLC UGMK-Telecom 
awasr.om, Awasr Oman & Partners S.A.O.C. 
qcym.work,  
squeep.com,  
alliancebroadband.in,  
mclaut.net,  
lurenet.ua,  
ip-192-99-3.net,  
elite-line.net,  
gleitschirmjaeger.ch,  
meirenshang.com,  
nova.is, Nova hf. 
pe3ny.net,  
tmodns.net,  
an-net.ru,  
ggo.gl,  
mzs0207.online,  
juslaxy.net,  
hostker.net,  
azboke.com,  
kunlunsl.com,  
qdao.org,  
16clouds.com,  
walkerservers.com,  
wiber.net.ar,  
elementw.net,  
182-airtel.com,  
globe.com.ph,  
DMIT.IO, DMIT  INC.
aliftechnologies.biz,  
icnet.ne.jp,  
ip-91-134-139.eu,  
nino.ru,  
t-com.sk, Slovak Telekom  a.s.
komunaprojekt.si,  
censys-scanner.com,  
slav.net.ua,  
starnet.cz,  
yune.com.br,  
r8wjhedblade.xyz,  
145632.com,  
skyviewtech.com, InfoWest  Inc
ip-178-32-217.eu,  
tv-kvant.ru,  
avtlg.ru,  
slt.lk,  
criminalip.com,  
szhyto.com,  
vetorialnet.com.br,  
cpx.ru,  
farmfreshfroot.com,  
d1-online.com,  
westurn.in,  
ipip.net,  
mtnl.net.in, Mahanagar Telephone Nigam Ltd 
radiocom.net.ua,  
worldcall.net.pk,  
cilijj.xyz,  
ckserv.net,  
accepts-exercise.com, testexample 
netbox.global,  
dscloud.me,  
hopto.me,  
ucnet.us,  
gorelo.io,  
appdynamics.com,  
alarmnet.com,  
usersnap.com,  
grammarlyaws.com,  
my2n.com,  
streamguys.com, StreamGuys  Inc.
carrier.com, Cloudflare  Inc.
office.com, Microsoft Corporation 
apple-dns.net,  
toofarmediaapp.com,  
cecollect.com,  
philips-hue.com,  
signify.com,  
nr-data.net,  
myinstance.com,  
streamtheworld.com,  
driverassistance.org,  
emofidonline.tk,  
kindoru.com,  
evrythng.com,  
intrinsec.com,  
adscore.com, Cloudflare  Inc.
ucsd.edu, University of California  San Diego
shadowserver.org,  
threatsinkhole.com,  
ovo.sc,  
liftdayapp.com,  
internet-census.org,  
123newslive.com,  
royal-house.com,  
tegpro.net,  
no-reverse-dns-configured.com,  
neocraftstudio.com,  
netsystemsresearch.com,  
xk.gl, Ubiquiti Inc. 
cloudwaysapps.com,  
caacbook.com,  
server-hosting.expert,  
hoisie.com,  
xwinnet.biz, mail.xwinnet.biz 
fidanque.com,  
shrub84.info,  
wpmudev.host,  
propulsion-learn.ch,  
isaugd.xyz,  
soaym.buzz,  
mmms.eu,  
rapid7.com,  
appliedprivacy.net,  
ip-149-56-28.net,  
erbbysam.com,  
liumingpian.com,  
quadmetrics.com,  
vsys.host,  
cloudedic.net,  
forlivebugu.xyz,  
at-sib.ru,  
google.nl,  
pki.goog,  
gvt3.com,  
eufylife.com,  
anker-in.com, \U5B89\U514B\U521B\U65B0\U79D1\U6280\U80A1\U4EFD\U6709\U9650\U516C\U53F8 
dtvce.com,  
pandora.com, Pandora Media  LLC
firetvcaptiveportal.com,  
jio.com,  
amazon.in,  
amazon.eu,  
amazon.it,  
schoolpointe.com,  
minecraft.net,  
wcdn.co.il,  
hotstar.com,  
amazon.fr,  
netflix.net,  
discoveryplus.in,  
clmbtech.com,  
denon.jp,  
ueiwsp.com, Cloudflare  Inc.
lgtvcommon.com,  
schema.org,  
pessimisticbehavioral.work,  
dyson.com,  
vzwwo.com,  
office365.com, Microsoft Corporation 
thescore.com,  
aws-thinq-prd.net,  
icloud.com, Apple Inc. 
aaplimg.com,  
delta.com,  
dgosvc.com,  
fishsticksgames.com,  
vonagenetworks.net,  
anniecloth.com,  
vonage.net,  
moozoom.ca,  
trustedform.com,  
spreaker.com,  
windows.com, Microsoft Corporation 
eset.com,  
msftconnecttest.com,  
brave.com,  
coinbase.com, Cloudflare  Inc.
curalate.com,  
ascentforums.com, Cloudflare  Inc.
adobeprojectm.com,  
thetvdb.com,  
lgthinq.com,  
samsungcloud.tv,  
linksys.com, BELKIN INTERNATIONAL  INC.
linksyssmartwifi.com, Belkin International  Inc.
mios.com, Nurd LLC 
telefonica.com,  
telefonica.net,  
23.246.48.144.,  
smartclip.net,  
loom.com,  
atianqi.com,  
herokuappdev.com,  
tplinknbu.com,  
dailymotion.com,  
sharethrough.com,  
narvii.com,  
autonat.com,  
supercctv.net,  
eemanager.net,  
slimcleaner.com, Slimware Utilities Holdings  Inc
playfirst.com,  
stdtime.gov.tw,  
alexahost.gq,  
userway.org,  
youtube-nocookie.com,  
acsechocaptiveportal.com,  
wbez.org,  
rollout.io,  
ip-192-99-36.net,  
psychz.net,  
tlg-dns.net,  
brother.co.jp,  
whispersystems.org,  
plumenet.io,  
pndsn.com,  
outlook.com, Microsoft Corporation 
sc-cdn.net,  
brid.tv,  
dislanelibrar.top,  
corusappservices.com,  
globaltv.com,  
conductrics.com,  
181fm.com,  
cardgamesolitaire.com,  
mozaws.net,  
adobedtm.com,  
crwdcntrl.net,  
msedge.net,  
azure.com, Microsoft Corporation 
savysoda.com,  
amazonpmi.com,  
druva.com, Cloudflare  Inc.
42lines.net,  
plesk.page,  
sentry.io, Sentry 
logi.com,  
qencode-encoder-060c658a9bcf11eb85150e903d539a24.,  
wizdom.ai,  
swipeforwardgames.com,  
voteearlyday.org, Cloudflare  Inc.
5pb.jp,  
selivonenko.com,  
omtrdc.net,  
syncbak.com,  
cbs.com, CBS Corporation 
cbsig.net,  
cbsstatic.com,  
airtiescloud.com,  
bluemailapp.com,  
teliacarrier.com,  
idevicesinc.com,  
adpredictive.com,  
zentrick.com,  
dicktv.club,  
forter.com,  
instantink.com, HP Inc 
musicradio.com, Global Radio Services Limited 
bbci.co.uk,  
musicrad.io,  
bevbs.com,  
privatehd.to, Cloudflare  Inc.
due.ru,  
seedboxes.cc, Cloudflare  Inc.
seedit4.me, Cloudflare  Inc.
herry.dev,  
bysh.me,  
mine.nu,  
netcenterinfor.com.br,  
bitso.ir,  
reclimbsilo.top,  
avistaz.to, Cloudflare  Inc.
bgu.ru,  
chatroombazaar.com,  
vogelovi.cz,  
colba.net,  
cinemaz.to, Cloudflare  Inc.
oberon.org.ua,  
ip-188-165-29.eu,  
privacy.network,  
borova.net.ua,  
xtrim.ru,  
zimbo.us,  
1337.cx,  
andopando.xyz,  
mullvad.net,  
karcaw.org,  
byrne.tech,  
teleguam.net,  
lovelycards.eu,  
luigiandthejellyfin.com,  
haloproxy.com,  
condornet.sk,  
pacific.net.hk,  
seven-sky.net,  
reolink.com,  
no-ip.com,  
wowrack.com,  
cnri.net,  
steamcommunity.com, Valve Corp 
chokies.site,  
ip-192-99-7.net,  
flipgrid.com, Microsoft Corporation 
californiayachtsales.com,  
snapkit.com, Snap Inc. 
electricimp.com,  
ip-158-69-27.net,  
nixplay.com,  
segment.com,  
mparticle.com,  
aqara.com,  
testmynids.org,  
debian.org,  
google.es,  
uoc.edu, Universitat Oberta de Catalunya 
upm.es, Universidad Politecnica de Madrid 
dummy.,  
mqcdn.com,  
ninthdecimal.com,  
inbake.com,  
hrzn-nxt.com,  
deb-multimedia.org,  
kylos.net.pl,  
githubusercontent.com,  
mivocloud.com, Cloudflare  Inc.
badssl.com,  
premium-vserver.net, IP-Projects GmbH & Co. KG 
chaz6.com,  
happyserv.de,  
ip-198-245-61.net,  
barracuda.com, Barracuda Networks  Inc.
ip-5-196-230.eu,  
walmart.com, Walmart Inc. 
dsl.net,  
kcc.vn,  
keynote.com, Dynatrace LLC 
tele2.ee, Tele2 Sverige AB 
comindico.com.au,  
lfihosting.com,  
movistar.cl,  
broadband.is,  
westdc.net,  
claro.com.ec,  
escaperabbit.com,  
tconl.com,  
b26.cz,  
corelight.io,  
wellspringeap.org,  
focaldata.net,  
biznetwork.co.za,  
algx.net,  
osuosl.org, Oregon State University 
coh.org,  
xn--6frz82g.cf,  
cqbaotukeji.cn,  
dentsu.co.jp,  
invalid.,  
kiva.net,  
rice.edu,  
ktvsky.com,  
squareup.com,  
comstar-r.ru,  
error.arpa,  
plzenec.net,  
savecom.net.tw,  
bu.edu, TRUSTEES OF BOSTON UNIVERSITY 
cloudpath.net,  
chula.ac.th,  
alestra.net.mx,  
know-where.com,  
sedmultitel.it,  
bital.psi.br,  
fireworks-old.ml,  
uol.com.br,  
tre.se, HI3G Access AB 
plus.pl, Polkomtel Sp. z o.o. 
200.in-addr.arpa,  
rafflecatchbot.space,  
brozkeff.net,  
fastwebserver.de,  
webinfovision.in,  
sy-servers.com, Plesk 
decentralized-traffic-foundation.group,  
inbenta.io,  
wazuh.com,  
avm.de, AVM Computersysteme Vertriebs GmbH 
rzone.de,  
privacy-mgmt.com,  
indazn.com,  
static-mxdcloud.de,  
brother.com,  
cast4.audio,  
onkyo.com,  
klarnaservices.com,  
merriam-webster.com,  
xwemo.com,  
htlbid.com,  
buzzfeed.com,  
koldecademic.club,  
hotjar.com,  
urbedothe.biz,  
som.com, Skidmore  Owings & Merrill LLP
postscript.io,  
wzrkt.com,  
auvik.com,  
wmcdp.io,  
huedatastore.com,  
lutron.com, Lutron Electronics Co.  Inc.
lutron.io,  
ecwid.com,  
pusherapp.com,  
sesupdate.com,  
tizenservice.com,  
android.com,  
mysqueezebox.com,  
thetake.com,  
rugfund.com,  
massdrop.com,  
210.49.36.146.,  
miwifi.com,  
globalsign.com, GMO GlobalSign  Inc.
bbc.com, BRITISH BROADCASTING CORPORATION 
bbctvapps.co.uk,  
rapidssl.com, DigiCert  Inc.
2cnt.net,  
internetunion.pl,  
mengyyy.bid,  
had.wf,  
fabflix.net,  
telstraclear.net,  
krs.net,  
politekne.it,  
wifiber.com.tr,  
rekkon.ru,  
milare-tv.ne.jp,  
aaanet.ru,  
peterhost.ru,  
link-kremen.net, Hestia Control Panel 
astound.net,  
filibe.net,  
infernoclear.com,  
cln.net,  
snt.ru,  
kim.in.ua,  
systechs.io,  
fruits.ne.jp,  
53.in-addr.arpa,  
webpass.net,  
null.,  
multinet.ua,  
mclink.it,  
ebonenet.com,  
94-optic-com.eu,  
euler-ocean.com,  
vasaicable.co.in,  
2com.net,  
ip-54-37-26.eu,  
alexandriya.net,  
cg-dialup.net,  
macloud.host,  
direk.com.tw,  
medicom.bg,  
quelleenergie.fr,  
84.in-addr.arpa,  
wicp.vip,  
dataline.ua,  
umu.se,  
ii-okinawa.ne.jp,  
publiccloud.com.br,  
superloop.com,  
chia.net, Cloudflare  Inc.
libtorrent.org,  
yuhuage3.xyz,  
gcn.net.tw,  
ttk.ru,  
cheetahking.net, Internet Widgits Pty Ltd 
manx.net, MANX TELECOM TRADING LIMITED 
caiway.nl, DELTA Fiber Nederland B.V. 
buggy.space,  
weldmasters.ru,  
su-su.su,  
demidrol.pw,  
starlink.ru,  
nesebar-lan.net,  
colomna.net,  
serverlocation.co,  
ip-91-121-183.eu,  
ip-37-187-121.eu,  
sefiber.dk,  
012.net.il, Partner Communications Company Ltd 
fiberby.net,  
rapidseedbox.com, Cloudflare  Inc.
sixfoisneuf.fr,  
orbitel.bg,  
146.in-addr.arpa,  
varnamo.net,  
stv.ee,  
accesscam.org,  
starnet.md, STARNET SOLUTII  SOCIETATEA CU RASPUNDERE LIMITATA
metro86.ru,  
limes.com.pl,  
forcatering.cloud,  
unitymedia.biz,  
com.ru,  
uacity.xyz,  
svenskapass.com,  
celtra.com,  
vizio.com, Vizio 
devshift.org,  
openwrt.org,  
zype.com, Cloudflare  Inc.
thawte.com, DigiCert  Inc.
freshworksapi.com,  
wbur.org,  
casalemedia.com, 
parsely.com, 
markandgraham.com, Williams-Sonoma Inc
media.net, 
evie.com, 
tenor.com, 
dvmeventslive.com, 
azureedge.net, 
acompli.net, 
usenetserver.com, 
lbdns-streamguys.com, 
liveschoolapp.com, 
rubiconproject.com, 
pubmatic.com, 
washingtonpost.com, The Washington Post (WP Company LLC)
dakboard.com, 
hostedcloudvideo.com, 
tzulo.com, tzulo
smoothstreams.tv, 
smaato.net, 
netsync.net, 
quantcast.com, Quantcast Corporation
video-cloud.net, 
okpayinvest.net, 
king.com, 
cedexis-test.com, 
ecosightsecurity.com, 
heovl.com, Cloudflare
amcrestddns.com, 
nochost.ru, 
fiberinternet.bg, 
pictavia.org, 
mozilla.org, 
ebay.com, eBay
mktoedge.com, 
joycasino-desk.top, 
contractsafe.com, 
aswpsdkus.com, Urban Airship
findawrench.com, 
t-msedge.net, 
grammarly.io, 
sedata.com, Cloudflare
vulkan-neon-casino.ru, 
teamviewer.com, 
ads-twitter.com, 
ubuntu.com, 
amazonpay.com, 
akstat.io, 
searchspring.io, 
amai.com, 
zemanta.com, Outbrain Inc.
duckduckgo.com, Duck Duck Go
signal.org, 
amaicdn.com, Cloudflare
simpliftsbefore.info, 
otcconnections.net, 
tftactics.gg, 
bootstrapcdn.com, 
divx.com, Cloudflare
isenselabs.com, 
disqus.com, 
ortelco.net, 
grammarly.com, 
qualtrics.com, Qualtrics
code42.com, Cloudflare
taboola.com, TABOOLA.COM LTD
coinjar.com, 
tealiumiq.com, 
pxucdn.com, Cloudflare
ooma.com, 
lencr.org, 
bitwarden.com, 
spot.im, 
crazyegg.com, 
netdna-ssl.com, 
hulkapps.com, 
skims.com, 
skype.com, Microsoft Corporation
oregon-gl.com, 
ebayimg.com, 
fwupd.org, 
xda-developers.com, Cloudflare
kalidykia.com, Cloudflare
ebaystatic.com, 
wpengine.com, Cloudflare
datatables.net, Cloudflare
prairiepcrepair.com, 
chimpstatic.com, The Rocket Science Group
signifyd.com, 
redventures.io, 
sectigo.com, Sectigo Limited
cdn77.org, 
nebat.com, 
sfdr.co, Cloudflare
arsmarttv.com, 
canonical.com, 
abcnews.com, The Walt Disney Company
boldapps.net, Cloudflare
b-cdn.net, 
321sexchat.com, Cloudflare
netsolssl.com, Sectigo Limited
cloudflare-dns.com, Cloudflare
klaviyo.com, 
mitm.it, 
webseed.com, Cloudflare
linuxmint.com, 
brightcove.net, 
epsiloncdn.net, 
aamarthedal.com, 
cookielaw.org, Cloudflare
stamped.io, 
eff.org, 
thunderbird.net, 
cloudfunctions.net, 
symless.com, Cloudflare
hbsailing.com, 
getpocket.com, 
shopify.com, 
pariprofit.website, Cloudflare
symbolab.com, Cloudflare
jquery.com, Cloudflare
unpkg.com, Cloudflare
nissancloud.com, 
site.ntr.br, 
freegeoip.app, Cloudflare
paypal.com, PayPal
reuters.com, Thomson Reuters Corporation
anydesk.com, 
rise-ai.com, Cloudflare
themodernproper.com, Cloudflare
cleanpng.com, Cloudflare
onetrust.com, Cloudflare
aws.dev, 
neatab.com, 
godaddy.com, 
online-metrix.net, 
ipfire.org, 
shop.app, 
shopifycloud.com, 
state.or.us, 
graniteapps.net, 
pubgenius.io, 
uscreen.io, 
websitealive.com, 
fastmail.fm, FastMail Pty Ltd
herokudns.com, 
otec.coop, 
redretarget.com, Cloudflare
fcsuite.com, 
worldbuscred.com, 
youseeu.com, 
nknlabs.io, 
cy3jx-786q.com, 
plesk.tech, GitHub
cloudnow.gg, 
517-70.xyz, 
xhzws7vx.work, 
comunidaddeprogramadores.com, 
livebarn.com, LiveBarn Inc.
rings.solutions, 
8slp.net, 
paloaltonetworks.com, 
defensia.co.il, 
weekendpartycancel5.com, 
woccc.xyz, 
numerade.com, 
intuitive.com, 
bai-infra.net, 
helixexit.com, 
dathost.net, Cloudflare
meridiumapmnow.com, 
truiestonis.com, 
tradingview.com, 
housing-benefits.org, 
tableau.com, 
microsoftonline.com, 
lkt.is, 
wyze.com, 
cdn13.com, 
tiktokv.com, 
byteoversea.net, 
tile-api.com, 
lookout.com, Lookout
cardupdatr.app, 
elliemae.io, 
meetcircle-blue.co, 
agchost.xyz, 
altuslearn.com, 
maigreatjob.com, 
ip-167-114-101.net, 
withbuddies.com, 
ksmobile.com, 
miniclip.com, 
rach.io, 
scientificamerican.com, 
4vendeta.com, 
pokemon.com, The Pokemon Company International
randomads.us, 
sounds.com, 
raydiant.com, 
gawe.asia, 
bouncecleaning.com, testexample
bitlifecoins.com, 
panel.gg, 
t2mhosted.com, 
otxb.io, 
sinosteel.com, 
ordertogo.com, 
hokiselamanya.com, 
moderncode.net, 
allay.io, 
trackit.io, 
rfdmiddleware.com, 
ivalle.com.mx, 
ip-54-39-105.net, 
nikecloud.com, 
weatherly.cloud, 
formrally.com, 
azuga.com, 
donjohnston.net, 
bttn.io, 
hostingmadeeasy.com, 
powercosts.com, 
gotdns.ch, 
camect.com, 
hkserverworks.com, 
ubiquityservers.com, 
ellieservices.com, 
vlk-casino-club.com, 
slackb.com, 
spelunky2.net, 
samsungsmartcam.com, 
tuxconnect.info, 
miele.com, Miele & Cie. KG
irobotapi.com, 
orvibo.com, 
brilliant.tech, 
windows.net, Microsoft Corporation
grindr.mobi, 
gclick.com.br, 
pubnative.info, 
lkt.is, 
lookout.com, Lookout
iot-dns.com, 
airsense.co, 
signal.org, 
xtracloud.net, 
grindr.com, 
att.com, AT&T Services
shuttercloud.org, 
msidentity.com, 
microsoftonline.com, 
facebook.net, 
hongtongtonggame.com, 
97ygo.com, 
xueshine.com, 
jst586.com, 
cypdua.com, 
zmcho.cc, 
098yu.cn, 
mssdy.com, 
rzhengdeli.cn, 
lvkmm.net, 
1a3.net, Cloudflare
sywm04.top, 
hulianwujie.com, 
mobinnet.net, 
jcc.jx.cn, 
ip-51-77-137.eu, 
0507.net.cn, 
9177.net, 
ip-193-70-109.eu, 
ecsclick.com, 
javis.co.id, 
yksq.net, 
sogou.com, Beijing Sogou Technology Development Co.
smsor.cc, 
486i.com, 
ip-167-114-251.eu, 
financialeer.com, 
ip-176-31-253.eu, 
w0r79.cn, 
manshens.com, 
nyfooters.com, 
jwidc.net, 
bypass.guru, 
clues.ro, 
chunkhost.com, Cloudflare
sdqjp46.top, 
weflysoftware.com, 
yuangudui.net, 
hagihara.co.id, 
iproxy.cloud, 
wy18.top, 
seoke.com, 
solapurmart.in, 
ctrls.in, CTRL S DATACENTERS LIMITED
daystaer.com, 
cnode.io, 
shelly.cloud, 
aquaillumination.com, Cloudflare
highwebmedia.com, 
hubble.in, 
3gppnetwork.org, 
iterable.com, 
orbwebsys.com, 
adtpulse.com, ADT LLC
jw.org, Watchtower Bible and Tract Society of New York
traderev.com, 
hasoffers.com, 
weather.gov, National Oceanic and Atmospheric Administration
butterflymx.com, 
mixpanel.com, 
abcnews.com, The Walt Disney Company
consensu.org, 
blaize.io, 
mktw.net, 
publicsuffix.org, 
smartcentral.tv, 
oui-0x9cc7d1.com, 
life360.com, 
athom.com, 
connectedlyric.com, Microsoft Corporation
home-assistant.io, Cloudflare
netsync.net, 
tiktokv.com, 
geappliances.com, 
aylanetworks.com, 
meari.com.cn, 
appsmb.com, 
newsgroup.ninja, Cloudflare
p-cdn.us, 
ecowitt.net, 
deti-online.com, 
govee.com, 
vesync.com, 
arnoo.com, 
seagate.com, Verizon Digital Media Services
vorwerk-digital.com, 
memfault.com, 
emporiaenergy.com, 
usenetserver.com, 
pb.com, Pitney Bowes
blueair.io, 
wiz.world, 
thingspeak.com, The Mathworks
homeconnecthca.com, 
dvsops.com,
petsafe.net, Radio Systems Corporation
4giant.date, 
criteo.net, Criteo SA
radiotimes.com, 
aknet.kg, 
sbcloud.us, 
spectranet.in, 
iguana.cat, 
proxy4.win, 
24-fil.gq, 
proxygo.club, 
advg.vip, Team Internet AG
hotspotproxy.xyz, 
sensicomfort.com, 
nightowldvr.com, 
nightowldvr13.com, 
nightowldvr14.com, 
ntp.org, 
papertrailapp.com, 
latchaccess.com, 
connman.net, 
lorexservices.com, 
cdn77.me, 
yupptv.io, 
alarm.com, Alarm.com Incorporated
net-now.it, 
tt2.live, 
uninet-ide.com.mx, 
hotspotproxy.co, 
starproxy.pro, 
onyxmtp.online, 
townisp.com, 
fastproxy.live, 
symantec.com, Broadcom Inc
appboxes.co, 
spb.ru, 
airdns.org, 
proxygo.us, 
acquia.com, Acquia Inc
hotspotproxy.live, 
censys.io, Cloudflare
ip-51-91-212.eu, 
pacloudflare.com, 
datanyze.com, Cloudflare
mymedsleuth.com, 
hideout.tv, 
aptible.in, 
withgoogle.com, 
live.net, 
pippio.com, 
rezync.com, 
boomtrain.com, Cloudflare
sonobi.com, 
xboxlive.com, Microsoft Corporation
typekit.net, 
criteo.com, Criteo Corp.
mathtag.com, MediaMath
tidaltv.com, 
outbrain.com, OUTBRAIN INC.
sfx.ms, 
bttrack.com, 
sitescout.com, 
everesttech.net, 
iasds01.com, 
openx.net, 
mdhv.io, 
eum-appdynamics.com, 
leanplum.com, 
owneriq.net, 
1rx.io, 
domdex.com, 
quantserve.com, 
quora.com, 
chartbeat.net, 
cpx.to, 
adobesc.com, 
rfihub.com, 
rlcdn.com, 
3lift.com, 
addthis.com, Oracle Corporation
contextweb.com, Pulsepoint
myvisualiq.net, 
extend.tv, 
betrad.com, 
myconnectwise.net, 
optimizely.com, 
jivox.com, 
fontawesome.com, Fonticons Inc
lijit.com, 
dmxleo.com, 
bidswitch.net, 
eyeota.net, 
outbrainimg.com, 
w55c.net, 
springserve.com, 
apxlv.com, 
msn.com, Microsoft Corporation
cogocast.net, Cloudflare
thebrighttag.com, 
simpli.fi, 
rkdms.com, 
acexedge.com, 
gravatar.com, 
clrstm.com, 
emxdgt.com, 
typekit.com, Adobe Inc.
tiqcdn.com, 
izatcloud.net, 
2o7.net, 
mcafee.com, McAfee
jwpsrv.com, 
hotjar.io, 
pinterest.com, Pinterest
zencdn.net, 
quantcount.com, 
1password.com, 
s-msn.com, 
art-api.com, 
livetelegram.cc, 
kwimer.com, 
cmds-tachyon.com, 
invokedapps.com, 
mako.co.il, 
edgekey.net, 
applicaster.com, 
google.co.il, 
deezer.com, Deezer
dailyburn.com, 
p-cdn.com, 
cbsistatic.com, 
litix.io, 
showtime.com, CBS Corporation
claspws.tv, 
cbsnews.com, CBS Corporation
aibixby.com, 
auditude.com, 
multiplication.com, IXL Learning
tvinteractive.tv, 
vivox.com, Unity Technologies SF
setaptr.net, 
colocat.ru, 
epicgames.net, 
mtprotoline.top, 
ravenjs.com, 
respawn.com, 
activision.com, Activision Publishing
west-datacenter.net, 
constant.com, 
sunbloommarketing.com, 
ubi.com, 
100tb-infra.io, 
nc6sanantonio.com, 
yourwaystofreedom.com, 
zeop.re, 
softhost.com.br, 
netforweb.net, 
secureserver.net, 
bhe8972cd.com, 
bazaarvoice.com, 
audible.com, 
ibillboard.com, Internet Billboard a.s.
khoda.xyz, 
onlineman.top, 
noaa.gov, 
jivosite.com, 
media-imdb.com, 
yospace.com, 
amazonsilk.com, 
tmsapi.com, 
tablotv.com, 
iptvelox.vip, 
smbeat.jp, 
yahooapis.jp, 
addradio.de, 
amazon.nl, 
discord.gg, Cloudflare
discord.media, Cloudflare
lastpass.com, LASTPASS US LP
uber.com, Uber Technologies
dnsomatic.com, Cisco Systems Inc.
urcmcs.com, 
ignorelist.com, 
fb.com, Facebook
battle.net, Blizzard Entertainment
bitdefender.net, Bitdefender SRL
redbull.tv, Red Bull GmbH
telldus.com, 
apptimize.com, Urban Airship
foldlife.net, 
samsungrm.net, Samsung Electronics
appboy.com, 
rockstargames.com, Rockstar Games
steamstatic.com, 
free.fr, 
fysw.net, 
sharethis.com, 
go2sdk.com, 
alexametrics.com, 
windowsupdate.com, 
adtechus.com, Oath Holdings Inc.
nytimes.com, 
samqaicongen.com, 
norton.com, NortonLifeLock Inc.
cedexis.com, Citrix Systems
videoplayerhub.com, Cloudflare
cbsi.com, 
letsencrypt.org, 
foxnews.com, Fox News Network
paypalobjects.com, PayPal
sbixby.com, 
libsyn.com, LIBERATED SYNDICATION
pushnami.com, 
redditmedia.com, Reddit Inc.
intercom.io, 
skimresources.com, Skimbit Ltd
adzerk.net, 
yieldmo.com, 
protonmail.ch, 
adsymptotic.com, LinkedIn Corporation
poshmark.com, Poshmark Inc
rtk.io, 
youboranqs01.com, 
amcnetworks.com, 
redd.it, Reddit Inc.
samsung-svoice.com, 
ladsp.jp, 
survata.com, 
iponweb.net, 
ipstatp.com, 
google.fr, 
tvpixel.com, Squarespace
hockeyapp.net, Microsoft Corporation
fncstatic.com, 
akamai.com, Akamai Technologies
disquscdn.com, 
mwbsys.com, 
trkn.us, 
smartadserver.com, 
yieldoptimizer.com, 
tritondigital.com, 
byteoversea.com, 
jsdelivr.net, 
isnssdk.com, 
apester.com, Cloudflare
fandangonow.com, Comcast Corporation
gamepass.com, Microsoft Corporation
worldtimeserver.com, 
me.com, 
silvacast.com, 
smartcasttv.com, 
youborafds01.com, 
tubitv.com, Fox Corporation
tivuon.tv, 
sdpg.tv, 
videoamp.com, Cloudflare
popslotscasino.com, 
name-servers.ch, 
mngrprx.sbs, 
ihrhls.com, 
not--thi-s-one.builders, 
apl-alexa.com, 
mmechocaptiveportal.com, 
swrve.com, 
hbogo.com, HOME BOX OFFICE
applovin.com, 
art19.com, 
lego.com, LEGO System A/S
icloud-content.com, Apple Inc.
apple.news, Apple Inc.
whatsapp.com, Facebook
mopub.com, 
google.co.uk, 
xboxab.com, 
flurry.com, Oath Holdings Inc.
izeni.net, 
oui-0x00199d.com, 
cbsebox.com, 
mainframe2.com, 
channelsdvr.net, 
tedcdn.com, 
truex.com, 
moviesanywhere.com, The Walt Disney Company
aetnd.com, 
ibm.com, International Business Machines Corporation
crittercism.com, 
adultswim.com, 
att-idns.net, 
fqtag.com, 
adap.tv, Oath Holdings Inc.
lightboxcdn.com, 
cbsinteractive.com, 
freshchat.com, 
discover.com, DFS Services LLC
fatline.services, 
resultinnate.com, 
ccma.cat, 
atwola.com, 
beam.pro, 
nbcuni.com, NBCUniversal Media
uplynk.com, 
voicefive.com, 
anvato.net, Cloudflare
nbc.com, NBCUniversal Media
psyonix.com, 
psynet.gg, 
cbsallaccess.ca, CBS Corporation
qbk1.com, 
mobdro.me, 
anonymousvpn.xyz, 
ideascreativas.co, 
dqtkdoogh.cn, 
g.co, 
firebaseapp.com, 
omny.fm, Cloudflare
google.co.jp, 
ua.com, 
acmeaom.com, 
google.co.in, 
azurewebsites.net, 
npmjs.org, Cloudflare
flair.co, 
foxdcg.com, 
whitehouse.gov, 
nist.gov, 
mtvnservices.com, 
ford.com, Ford Motor Company
adnexus.net, 
accountkit.com, Facebook
fitbit.com, 
pro-market.net, 
dailymail.co.uk, Associated Newspapers Limited
mobilewar-online.com, 
tailtarget.com, 
heuchfresh.com.au, 
umkc.edu, University of Missouri
googlezip.net, 
sc-jpl.com, 
wpdigital.net, Akamai Technologies
wikipedia.org, 
sumologic.com, 
videmob.com, 
switchnap.com, 
firebaseio.com, 
redditstatic.com, 
vzw.com, Verizon Data Services LLC
gotinder.com, 
nowtv.com, Sky UK Limited
digitaluk.co.uk, Digital UK Limited
mtpfast.pw, 
rlje.net, 
mytravelyear.bid, 
in-app.io, 
2ksports.com, 2K Games
g-tun.com, 
google.it, 
networking.apple, Apple Inc.
epicgames.dev, 
egaug.es, 
egauge.net, 
c4assets.com, 
trackmenowsitn.club, 
channel4.com, Channel Four Television Corporation
trkmenowapptwtree.site, 
xiaomi.net, 
viber.com,  file (standard input) matches
streamakaci.com, 
rmc.fr, 
tutotoons.com, 
thewirecutter.com, 
amazonmusic.com, 
streamguys1.com, StreamGuys
voncp.com, 
flathub.org, 
thehill.com, 
internetvideoarchive.net, Microsoft Corporation
fano.io, Cloudflare
sendbird.com, SendBird
stocard-backend.com, 
ipage.com, 
cointelegraph.com, Cloudflare
stocard.de, 
becausaldevel.info, 
creative-investment.com, 
seekingalpha.com, 
joinhoney.com, PayPal
mailchimp.com, THE ROCKET SCIENCE GROUP LLC
cbssports.com, CBS Corporation
accuradio.com, Cloudflare
meetcircle.com, 
sky.de, Sky Deutschland Fernsehen GmbH & Co. KG
idailybread.com, 
kpn.com, 
apigee.net, 
aboutyou.com, Cloudflare
rmtag.com, 
icloseli.com, 
vk.com, V Kontakte LLC
fitanalytics.com, Cloudflare
hm.com, H&M Hennes & Mauritz AB
united.cloud, 
aboutyou.de, Cloudflare
uc.cn, Alibaba (China) Technology Co.
orange-business.com, 
aboutstatic.com, 
jcloudcdn.com, 
anveo.com, 
vtuner.com, Nothing Else Matters Software
at-o.net, 
vnc.com, 
mercadolibre.com, Mercadolibre Inc
totsuko.tv, 
barlas.fr, 
unrealengine.com, 
365scores.com, 
hhbrown.com, 
9c9media.com, 
phncdn.com, 
crave.ca, Bell Media Inc.
rbmbtnx.net, 
9c9media.ca, 
ifcdn.com, 
getvideostream.com, Cloudflare
nhl.com, Cloudflare
docker.com, 
iheart.com, 
musical.ly, 
akamaistream.net, 
muscdn.com, 
bilsyndication.com, Cloudflare
nyu.edu, New York University
peacocktv.com, NBCUniversal Media
nbcuas.com, 
mikedemaria.net, 
stitcher.com, 
trakt.tv, Cloudflare
cookbooks.trade, 
bomgarcloud.com, 
gm.com, General Motors LLC
time.com, 
rds.it, 
s-onetag.com, 
geoedge.be, 
greatmagazines.co.uk, 
perimeterx.net, 
cloud-iq.com, 
globalwebindex.net, 
mxptint.net, Valassis Digital Corp
jwplatform.com, 
navdmp.com, Cloudflare
nice264.com, 
licdn.com, 
emisiondof6.com, 
dof6.com, 
movistarplus.es, TELEFONICA DE ESPANA SA
lovestv.es, 
videoplaza.tv, 
infojobs.com, 
tvplayer.com, 
skychnl.net, 
dna-delivery.com, 
radiofrance.fr, 
dvmr.fr, 
ooklaserver.net, 
troypoint.com, Cloudflare
speedtestcustom.com, 
leadpages.io, Avenue 81
cabospeed.com, 
cityofblakely.net, 
ateam-ad.jp, 
warframe.com, Digital Extremes Ltd
xcal.tv, 
explodie.org, 
service-now.com, ServiceNow
waipu.tv, 
wpstr.tv, 
countrycom.ru, CountryCom
mightycall.ru, 
gigaset.net, 
braintreegateway.com, PayPal
mobileapptracking.com, 
c-ij.com, 
c-wss.com, 
prioritydark.net, 
trafficjunky.net, MG Freesites Ltd
bdurl.net, 
pornhub.com, MG Freesites Ltd
contentabc.com, 
capitalone.com, Capital One Financial Corporation
myfitnesspal.com, 
princeton.edu, The Trustees of Princeton University
d3js.org, Cloudflare
stanfordchildrens.org, Stanford University
brightcovecdn.com, 
hwcdn.net, 
yle.fi, 
chili.com, 
raiplay.it, RAI - RADIOTELEVISIONE ITALIANA S.P.A.
vsco.co, VISUAL SUPPLY COMPANY
groupme.com, Microsoft Corporation
printfriendly.com, 
venmo.com, PayPal
theamericanscholar.org, Cloudflare
wwe.com, World Wrestling Entertainment
limelightcrm.com, 
disneynow.com, 
proximateapps.net, 
affec.tv, 
edgedatg.com, 
split.io, 
wishm.network, 
helium.io, 
ftmcloud.com, 
findagrave.org, 
taplytics.com, Cloudflare
espnqa.com, The Walt Disney Company
starz.com, 
lpsnmedia.net, 
clicktale.net, 
homedepot-static.com, 
outlookmobile.com, 
homedepot.com, The Home Depot
liveboox.com, Cloudflare
beachbodyondemand.com, 
blizzard.com, Blizzard Entertainment
raqug.com, 
miasko.fr, 
sufia.tech, 
mac-msp.com, 
mobdro.to, 
startappservice.com, 
pwgsc.gc.ca, PWGSC
gameservers.com, 
lifetism.info, 
midphase.com, The Hut.com Ltd.
seflow.net, 
emys-market.online, 
scea.com, Sony Interactive Entertainment LLC
islandmc.tk, 
streamrail.net, 
trackscale.net, 
vertamedia.com, 
tagson.co, 
trknewsapp.site, 
fox.com, Fox Media LLC
Lusobits.com, 
anonmail.rocks, 
nextgentel.com, NextGenTel AS
theglen.space, 
channel5.com, 
canaryis.com, 
itv.com, 
xumo.com, Comcast Corporation
nimitv.net, 
cnbcfm.com, NBCUniversal Media
youview.tv, 
ghostery.net, 
fubo.tv, 
suning.cn, 
suning.com, \U82CF\U5B81\U6613\U8D2D\U96C6\U56E2\U80A1\U4EFD\U6709\U9650\U516C\U53F8
zhihu.com, \U667A\U8005\U56DB\U6D77\UFF08\U5317\U4EAC\UFF09\U6280\U672F\U6709\U9650\U516C\U53F8
cnzz.com, Alibaba (China) Technology Co.
bounceexchange.com, 
zhimg.com, 
chartbeat.com, 
cnn.io, 
oomamobile.com, 
arn.com.au, 
zynga.com, 
arrivalist.com, 
zyngawithfriends.com, 
oztam.com.au, 
opera.com, Opera Norway AS
avid.com, Avid Technology
adobess.com, 
turnto.com, 
clpccd.org, 
statcounter.com, 
masterpass.com, MasterCard International Incorporated
cloze.com, 
lithcloud.com, 
mumsgrapevine.com.au, 
wattpad.com, 
pactsafe.io, 
freebox.fr, 
fbx-mgt.fr, 
attribution.report, 
netflixdnstest3.com, 
treasuredata.com, 
iesnare.com, 
alienvault.cloud, 
bellsbeershop.com, 
snoac.jp, 
steelhousemedia.com, 
imgsynd.com, 
wix.com, 
ssix.io, 
tinysolutions.info, 
rundsp.com, 
auth0.com, 
ulbvpmbof.cn, 
elderscrollsonline.com, Zenimax Media Inc.
abcotvs.com, 
origin.com, Electronic Arts
dice.se, 
gizwits.com, 
dstv.com, 
feedburner.com, 
okko.tv, 
cetin.cz, CETIN a.s.
kaltura.com, 
vcdn.biz, 
cetin.rs, 
stmath.com, 
dmdsdp.com, 
metrological.com, 
streamgate.nl, 
nuancemobility.net, 
videoland.com, RTL Nederland B.V.
videoipcamera.cn, 
videoipcamera.com, 
netgemplatform.net, 
katsomo.fi, Mtv Oy
elisaviihde.fi, Elisa Oyj
saunalahti.fi, Elisa Oyj
elisa.fi, Elisa Oyj
aptoide.com, 
ravelrycache.com, 
ravelry.com, 
viaplay.se, 
viaplay.tv, 
tresensa.com, 
adsmoloco.com, 
august.com, August Home Inc.
cellular.de, 
nintendowifi.net, Nintendo of America Inc.
sbs.com.au, 
swm.digital, 
freeviewplus.net.au, 
abc.net.au, Australian Broadcasting Corporation
cqloud.com, 
tabletcaptiveportal.com, 
bbbrasil.gq, 
p85.live, 
ucar.edu, The University Corporation for Atmospheric Research
samsunghrm.com, 
aniplexplus.com, 
arte.tv, ASSOCIATION RELATIVE A LA TELEVISION EUROPEENNE
rhdemo.io, 
ebillsoft.net, 
nbad.io, 
nba.com, 
nba.net, 
str3am.com, StreamGuys
hboespana.com, HBO Nordic AB
raygun.io, 
applvn.com, Cloudflare
vonage.com, 
megaphone.fm, 
microvolts.com, 
radiko.jp, 
ifood.tv, 
jamloop.com, 
hbogo.eu, 
jeremymarkel.com, Cloudflare
ghostery.com, 
molotov.tv, 
myzmodo.com, 
flirservices.com, 
sophosxl.net, 
avcdn.net, 
here.com, HERE Global BV
caldera.network, 
home-net.com.ua, 
tat.kz, 
kristel.ru, 
nizzans.space, 
prosto.tv, 
xxcf.cf, 
poych.com, 
104.in-addr.arpa, 
netintel.ru, 
ccc.net.il, 
medallia.eu, 
mymotiv.com, 
jpush.cn, Shenzhen HeXunHuaGu Information Technologies Co.Ltd
playfabapi.com, 
caavo.com, 
rainforestautomation.com, 
speedtest.net, 
insteon.com, 
enjoei.io, 
telenor.net, 
wostreaming.net, 
bose.com, 
ad.gt, 
fx-rate.net, Cloudflare
wmg.com, 
warnerartists.net, 
cleverpush.com, Cloudflare
infomaniak.ch, 
ardmediathek.de, 
dlvr1.net, 
technohouser.com, Cloudflare
xhamster.com, Cloudflare
tnaflix.com, 
drtuber.com, 
traffichaus.com, 
traffic-media.co.uk, 
ahcdn.com, 
tnastatic.com, 
zog.link, Cloudflare
efohk.com, 
awemwh.com, 
drtst.com, 
exosrv.com, 
xhamsterlive.com, Cloudflare
ipecho.net, 
tsyndicate.com, 
hclips.com, Cloudflare
actionteaser.ru, Internet Widgits Pty Ltd
doublepimp.com, 
mkt7751.com, Acoustic
p2e.io, 
joaoapps.com, 
unsplash.com, 
wsmintl.com, 
whisk.com, Cloudflare
tizenstore.com, 
foxneodigital.com, 
atresmedia.com, 
amagi.tv, 
blueconic.net, BlueConic
showms.com, 
harmonyradio.be, 
fcloud.biz, 
vido.info, 
ctv-global.club, 
vevo.com, 
smartfrog.com, Cloudflare
209.in-addr.arpa, 
nintendoswitch.cn, 
gtimg.cn, 
lswf.net, 
irdeto.com, 
aus.com, 
sophos.com, SOPHOS LIMITED
me2zengame.com, 
okta.com, Okta
theoceanscleanup.me.uk, 
birchfamily.ca, BirchFamily
blackrock.com, BlackRock Financial Management
advfn.com, Cloudflare
passdsst.com, 
meetup.com, 
voicelinx.com, 
hotels.com, 
yelp.com, Yelp Inc.
egadvertising.com, 
samsungpass.com, 
paulmharwood.info, 
e2ro.com, 
nwsvr2.com, 
gfsvc.com, 
zoomtown.com, iMedia Brands
htvapps.com, 
24olympia.com, 
userapi.com, V Kontakte LLC
mycdn.me, VK LLC
vkontakte.ru, V Kontakte LLC
mradx.net, 
my.com, MGL MY.COM (CYPRUS) LIMITED
aeon.co, 
sitebooster.com, 
wixapps.net, 
diffraction.pt, Cloudflare
wixstatic.com, 
voipmuch.com, VoIP Much Phone Company Inc
capital.it, 
sipgate.net, 
sipgate.de, 
servebom.com, 
weather4us.com, 
cinradio.org, 
appcues.com, 
espnradio.com, 
fruithosted.net, 
hoerradar.de, 
audioscrobbler.com, 
netvoip.ch, 
epgsky.com, 
baobei.co.uk, 
worldline.ca, 
fibernetics.ca, 
sunpowermonitor.com, 
na-att-idns.net, 
sipnl.net, 
callcentric.com, 
a986f15afc9c8b47424b7f0a43463f5be5455db4.com, Cloudflare
brightcove.com, 
gc.com, 
uchicago.edu, The University of Chicago
hypemarks.com, 
petstablished.com, 
mtvnimages.com, 
rainforestcloud.com, 
neulion.com, 
sport1.de, 
podbean.com, Cloudflare
sverigesradio.se, Sveriges Radio Aktiebolag
VERIZON.NET, Verizon Digital Media Services
verizon.com, Verizon Digital Media Services
maxdns.xyz, 
bethesda.net, 
tbs.com, TURNER BROADCASTING SYSTEM
shoptv.com, 
appcoachs.com, 
yunext.com, 
lvis.io, 
flurrydata.com, 
antennevorarlberg.at, 
publicradio.org, 
mediaset.net, Mediaset Premium S.p.A
mediaset.it, 
entrust.net, Entrust Limited
graydns.com, 
goerlichs.com, 
talk4free.com, 
voot.com, Viacom 18 Media Pvt. Ltd.
google.net, 
comodoca.com, Sectigo Limited
pocketcasts.com, 
bt.com, British Telecommunications plc
garmin.com, Cloudflare
gastecnologia.com.br, 
save.tv, SAVE.TV GmbH
mykone.info, 
geniptv.com, 
reddirtproxies.io, 
tns-cs.net, 
keenhome.io, 
radioapi.io, 
sync.com, 
conferdeploy.net, 
fetchtv.com.au, Fetch TV Pty Ltd
uurj-p.net, 
etraining.co, 
edolphin.site, 
sinet.com.kh, 
worxlandroid.com, Cloudflare
xo.net, 
robinhood.com, Robinhood Markets
virginpulse.com, Cloudflare
alibaba.com, Alibaba (China) Technology Co.
aliexpress.com, Alibaba (China) Technology Co.
zscalerthree.net, 
timvision.it, 
screen.cloud, 
screencloudapp.com, 
swio.jp, 
smartmailcloud.com, 
newshosting.com, 
horizon.tv, 
tidal.com, 
telia.se, Telia Company AB
findawayworld.com, 
voipfone.net, 
gdms.cloud, Grandstream Networks
google.ru, 
maintainbrain.us, 
harvard.edu, 
hootsuite.com, 
nanopool.org, Cloudflare
arrayent.com, 
lightwaverf.com, 
thinkingphones.net, 
fuze.com, Fuze
birdytone.com.cn, 
law360.com, 
mobitv.com, 
ezv.tv, 
crplatform.net, 
flexitasks.co.uk, 
vonedge.com, 
voipgateway.org, 
wii.com, Nintendo of America Inc.
cheapconnect.net, 
directnet.ca, Cloudflare
slingmedia.com, 
mediahubaustralia.com, 
chameleoncloud.co.uk, 
xlink.cn, 
speedcheckerapi.com, Cloudflare
premium-play.eu, 
telenor.com, 
opensignal.com, 
telephoneangel.com, 
cknnwjyvb.cn, 
somafm.com, 
twilio.com, 
voipperformance.net, 
1-voip.com, 
simplephoneco.com, 
voipplanet.nl, 
lolliradio.net, 
vmedia.ca, Cloudflare
ablecloud.cn, 
freespeech.co.uk, 
cloudwarm.net, 
lwrfcontrol.com, 
chartboost.com, 
connectjipa.com.br, 
anovaculinary.com, 
foobot.io, 
solocoo.tv, 
sctv.ch, 
verisure.com,file (standard input) matches
psmanaged.com,
ita.co,DrayTek Corp.
telenor.rs,TELENOR D.O.O. BEOGRAD
ladsp.com,
rtl.fr,
viacom.com,
cc.com,
mediaplex.com,
winehq.org,CodeWeavers
ngtv.io,
ifunny.co,
affirm.com,
plutotv.net,
tmz.com,
mlbstatic.com,
mlb.com,
presage.io,
worldlifestyle.com,
fxnetworks.com,The Walt Disney Company
torrenti.al,
cddbp.net,Gracenote
epix.com,Cloudflare
smadex.com,
sonymobile.com,
playmemoriesonline.com,
audiomack.com,
consumerreports.org,Consumer Reports
extremereach.com,
sophosupd.net,
wink.com,
netflixdnstest8.com,
bidsimulator.com,
brealtime.com,
rollbar.com,
adtdp.com,
rakuten.tv,RAKUTEN TV EUROPE S.L.
kartina.tv,
vvond.net,
adobecqms.net,
tubi.io,
appcloudbox.net,
pushbullet.com,Cloudflare
nel.goog,
southwestairlines.com,Akamai Technologies
atp.fox,
playercdn.net,
themoviedb.org,
gowatchseries.co,
xstreamcdn.com,
seriesonline8.co,
cartoonhd.care,
vidics.to,
premiumize.me,Cloudflare
betterstream.co,
openload.co,
gostream.sc,
odb.to,
streamango.com,
ip-54-36-168.eu,
watchserieshd.io,Cloudflare
putlocker.onl,Cloudflare
primewire.ac,
cooltvseries.com,
cartoonwire.to,
project-free-tv.ag,
wearetriple.com,
vidoza.net,
clipwatching.com,Cloudflare
flashx.tv,
npo.nl,
nos.nl,Nederlandse Omroep Stichting
host-engine.com,Cloudflare
disco-api.com,
google.fi,
redbutton.de,
7tv.de,
cgrgvgg.com,
fast.com,Netflix
google.sk,
google.pl,
myhomescreen.tv,
macromedia.com,
swatchseries.to,
300mbfilms.co,
glodls.to,Cloudflare
limetorrents.info,Cloudflare
magnetdl.com,Cloudflare
0dayreleases.com,
torrentapi.org,Cloudflare
torrentdownloads.me,Cloudflare
kickass2.cc,Cloudflare
thepiratebay3.org,
eztv.io,
watchserieshd.cc,
zooqle.com,Cloudflare
watchepisodeseries.com,
1337x.to,Cloudflare
watchseries.si,Cloudflare
rls4u.net,
watch-series.co,
sofascore.com,Cloudflare
2ddl.vg,
livenewson.com,
androidtv.com,
cwtv.com,WARNER BROS. ENTERTAINMENT INC.
kodi.tv,Cloudflare
heanet.ie,HEAnet CLG
vimeocdn.com,
supersonic.com,
britbox.com,
dwin1.com,
theplatform.com,thePlatform
piriform.com,
arcgis.com,
lgeapi.com,
nodesource.com,
videohub.tv,
pillpack.com,
mb3admin.com,
doub.ly,
overwatchleague.com,
tmsimg.com,
mrporoxy.com,
centrastage.net,
sail-horizon.com,
rpxnow.com,Akamai Technologies
gliptv.com,
ticketmaster.com,
proofpoint.com,Proofpoint
whizti.com,
samsungyosemite.com,
alamy.com,Alamy Ltd
force.com,salesforce.com
amgdgt.com,
salesforceliveagent.com,
mysamba.tv,
imdb.com,
adcolony.com,
cinemaapk.com,Cloudflare
truenet.ai,
keycdn.com,
supremebuilds.com,
adspeed.net,
mi-img.com,
game3talk.com,
b2c.com,
google.at,
dazn.com,
keywee.co,
vstlsrv.com,
rtl2.de,CC-NET AG
ard.de,
rtl2apps.de,
wbtrk.net,
yuppcdn.net,
google.com.sg,
appinstall.click,
lum-sdk.io,
tickets.com,
flyfrontier.com,Frontier Airlines
luminatinet.com,
g2afse.com,
ana.co.jp,All Nippon Airways Co.
luminati.io,
livenation.com,
trendmd.com,Cloudflare
apsalar.com,
appier.net,
axs.com,
craigslist.org,Craigslist
stubhub.com,StubHub
lumtest.com,
bitmoji.com,Snap Inc.
sony.com,Sony Global Solutions Inc.
sony.net,Sony Global Solutions Inc.
speedcurve.com,
pir8.in,Cloudflare
theatlantic.com,
gannett-cdn.com,
theconversation.com,
appboy-images.com,Cloudflare
hola.org,
bfmio.com,
hotrk0.com,
siptv.app,
belkin.com,
youtu.be,
ziggogo.tv,
gemius.pl,
rtvslo.si,RTV Slovenija
udemycdn.com,
plexapp.com,Cloudflare
estrongs.com,
dwatchseries.to,
tvadsync.com,
stan.com.au,
sensara.co,
google.ch,
inpvp.net,
lbsg.net,
drmkeyserver.com,
viki.io,
thepiratebay.org,Cloudflare
2ddl.ws,
series9.io,
cnbc.com,NBCUniversal Media
addictpodcast.com,
ionitech.cn,pfSense webConfigurator Self-Signed Certificate
cnevids.com,
b6f8f0d234e90f6ec62aff9fce41a6a437997809.info,Cloudflare
nelonenmedia.fi,
castlabs.com,
b17g.net,
tntinteractive.tv,
programme-tv.net,
licensekeyserver.com,
omnycontent.com,
imgur.com,Imgur
tinder.com,
youbora.com,
eyeviewads.com,
giraffic.net,
redcdn.pl,
tvping.com,
rtl-hbbtv.de,
nrk.no,Norsk Rikskringkasting AS
bwbx.io,
oath.cloud,
moatpixel.com,
bloomberg.com,Bloomberg LP
accedo.tv,
eyereturn.com,
mediaiqdigital.com,
zenkube.com,
royalpurplebathkitchen.com,
drugfree.org,
insigniaproducts.com,
bang-olufsen.com,Bang & Olufsen A/S
redbend.com,
streamon.fm,
hdslb.com,
cdngslb.com,
nsatc.net,
giphy.com,
shaw.ca,Shaw Cablesystems G.P.
securetve.com,
adsco.re,Adscore Technologies DMCC
aaxdetect.com,AAX LLC
aaxads.com,
xnxx-cdn.com,
trafficfactory.biz,
iwanttodeliver.com,
load.la,Cloudflare
ubisoft.com,
s-microsoft.com,
xbox.com,Microsoft Corporation
mineplex.com,
cubecraft.net,Cloudflare
hivebedrock.network,
aspnetcdn.com,
forzamotorsport.net,
eidos.com,Square Enix Limited
ampme.com,
polyfill.io,
yelpcdn.com,
onestore.ms,
mopidy.com,
dev.to,
sky.it,Sky Italia S.r.l.
rtl.it,
adhigh.net,MT-Technologies LLC
linksynergy.com,
ottmon.net,
lnnarxf.be,
telus.com,TELUS Corp.
tv3cloud.com,
nstorage.org,
ctbctelecom.com.br,
nextdoor-test.com,
travelfuntu.com,
digitru.st,
beinconnect.es,
redbeemedia.com,Cloudflare
awsapps.com,
xfinity.com,Comcast Corporation
cpxstoreimages.com,
rai.it,RAI - RADIOTELEVISIONE ITALIANA S.P.A.
adform.net,
ink1001.com,
acrobat.com,Adobe Inc.
wurl.com,Cloudflare
daily-choices.com,
newslive2.xyz,
intentiq.com,
ipredictive.com,
lkqd.net,
liadm.com,
ml314.com,
pegacloud.io,
zopim.com,Cloudflare
datasrvsys.com,
nasa.gov,SAIC
gpsonextra.net,
powerreviews.com,Cloudflare
nielsendigital.net,
foxsportsgo.com,
cmcore.com,
springserve.net,
panasonic.com,Panasonic Operational Excellence Co.
ipify.org,
aetn.com,
vilynx.com,
youidomain2.com,
tntdrama.com,TURNER BROADCASTING SYSTEM
espn.net,
usgs.gov,U.S. Geological Survey
360yield.com,
zee5.com,
foresee.com,
nexac.com,
cedexis-radar.net,
justin.tv,
newsy.com,
surfshark.com,Cloudflare
ocs.fr,OCS SNC
nomanssky.com,
wwsga.me,
uktvapi.co.uk,
canalplus-cdn.net,
canalplus.pro,
canal-plus.com,
count.ly,
giraffic.com,
sevenzerotwo.net,
1234pro.xyz,
watchmi.tv,
zpool.ca,Cloudflare
ahashpool.com,
nicehash.com,
zergpool.com,Cloudflare
servebeer.com,
freshcaller.com,
pusher.com,
jemtv.com,
allrecipes.com,
sourcecable.net,
hotspotproxy.gq,
gaikai.com,
p76prod.systems,
sitestream.net,
servercontrol.com.au,
hotspotproxy.tk,
msgamestudios.com,
msauth.net,
zendesk.com,Zendesk
zdassets.com,
aka.ms,Microsoft Corporation
disney.com,The Walt Disney Company
hotspotproxy.ga,
freedomwire.com,
superasteriod.club,
stanford.edu,Stanford University
playstationcloud.com,
meetcarrot.com,
rl-psy.net,
unmetered.com,
ffxiv.com,
finalfantasyxiv.com,
square-enix.com,
gearboxsoftware.com,
j2o2afqftxyvm4tbtjkr4.com,
dtvbb.tv,
petcube.com,
foxtel.net.au,
mindspring.com,
wildriftesports.lat,
samsungcloudprint.com,
printeron.net,
virginmedia.com,
duolingo.com,
wbinsights.com,
frontiertv.com,
invoxia.io,
highland.net,
glasgow-ky.com,Cloudflare
prismcube.com,
salzburg-online.at,
ip-51-68-37.eu,
xirvik.com,Cloudflare
jazz.fm,
exileservers.com,Cloudflare
volumio.org,
myvolumio.org,
tidalhifi.com,
loggly.com,
neeo.io,
wnyc.org,
herokuspace.com,
lametric.com,Cloudflare
nanoleaf.me,Cloudflare
twist.com,
datalot.com,
wendys.com,The Wendy's Company
imsdev.io,
6play.fr,
iot8020.com,
tfn.net.tw,
jbhifi.com.au,
connellgroup.co.uk,
winkapp.com,
vpopfan.tk,
core.pw,
worldoftanks.com,Wargaming Group Limited
shef.ac.uk,University of Sheffield
hitman.io,
orerve.net,
i3d.net,
eliteprospects.com,
smhi.se,Sveriges Meteorologiska och Hydrologiska Institut
wirelesscar.net,
sonydeveloper.com,
amazonaws.com.cn,
tencent.com,Shenzhen Tencent Computer Systems Company Limited
linkplay.com,
snowdawn.info,
wondev.net,
arkdedicated.com,
recruiting.com,
bridgelegal.com,Cloudflare
tennisround.com,
resales-online.ie,
otm-r.com,
lingbg.com,
ergov.com,
echostar.com,
vieraconnect.tv,
doorbird.net,
facesilver.com,
seluxit.com,
mystrom.ch,
vieraconnect.eu,
cdntex.com,
stumbleupon.com, 
deviantart.net, 
fconsoft.biz, 
pscp.tv, 
intuit.com, Intuit Inc.
williamhill.com, WHG (International) Limited
adtilt.com, 
wsj.net, 
fastbroad.com, 
compal-fota.com, 
rwth-aachen.de, RWTH Aachen
wayfair.com, 
ip-api.com, 
ipinfo.io, 
trading-rtbg.com, 
decenterads.com, 
imtrack.mobi, 
steampowered.com, 
tappx.com, 
mrsvg.co, 
liftoff.io, Cloudflare
stats-ex-serving.com, 
ss7.tv, 
kunasystems.com, 
de17a.com, 
ywxi.net, 
politico.com, POLITICO LLC
malwarebytes.com, Malwarebytes Inc
google.cn, 
tapresearch.com, 
teslarati.com, 
housediver.com, 
adobeoobe.com, 
ext-twitch.tv, 
bhg.com, 
rovicorp.com, 
commbank.com.au, Commonwealth Bank of Australia
foodnetwork.com, DISCOVERY COMMUNICATIONS
curiositystream.com, 
globalcitizen.org, 
symcb.com, 
bt.co, 
goguardian.com, 
pscdn.co, 
superrtl.de, 
rtl.de, 
redbull.com, Red Bull GmbH
vdspf.com, 
tvapp-server.de, ispgateway
bravesoftware.com, 
web-rubika-ir.gq, 
nickjr.com, 
nick.com, 
msocsp.com, 
usertrust.com, 
trust-provider.com, Sectigo Limited
protect-your-privacy.net, 
openshiftapps.com, 
bbc.net.uk, 
phdvr.com, 
kustomerapp.com, 
extreme-ip-lookup.com, 
orionoid.com, 
gaiakodi.com, 
y5en.com, 
arqiva.tv, 
km-tam.net, 
ocsp-certum.com, 
n-tv.de, 
google.dk, 
todoist.com, 
popcash.net, Cloudflare
rtmark.net, 
wamu.org, 
scanscout.com, 
crunchyroll.com, 
digitaloceanspaces.com, Cloudflare
opensubtitles.org, Cloudflare
yupptv.com, 
impactradius-event.com, 
seesaa.net, 
proxycast.org, 
radiofrance-podcast.net, 
chtbl.com, 
chdrstatic.com, 
geniatech.net, 
fastcast4u.com, 
kinecosystembi.com, 
tagesschau.de, 
pigeonhole.at, 
simplecast.com, Cloudflare
apolloprogram.io, 
man---dns-main.city, 
ddlspot.com, Cloudflare
123hbo.com, 
freefmovies.net, 
best-moviez.ws, Cloudflare
primewire.gr, 
rlsbb.ru, 
scene-rls.net, Cloudflare
freeputlockers.org, 
kat.tv, 
seehd.pl, 
supremacy.org.uk, 
amcn.com, 
mtproto.online, 
abc7news.com, 
adtech.de, Oath Holdings Inc.
driftt.com, 
landof.tv, 
leaseweb.net, 
repubblica.it, 
nexage.com, Oath Holdings Inc.
adentifi.com, 
scene7.com, 
umd.edu, University of Maryland
underdog.media, 
cdnstream1.com, 
vaders.tv, 
investingchannel.com, InvestingChannel
identrust.com, IDENTRUST SERVICES LLC
mfadsrvr.com, 
solitairetime.com, 
infinitytv.it, 
maxdome.de, 
nbcsports.com, NBCUniversal Media
lolking.net, 
sfanytime.com, 
castfire.com, 
ctvnews.ca, Bell Media Inc.
tennis.com, 
diyadvice.com, 
toppsapps.com, 
ip138.com, \U7F51\U5BBF\U79D1\U6280\U80A1\U4EFD\U6709\U9650\U516C\U53F8\U53A6\U95E8\U5206\U516C\U53F8
mullafabz.xyz, 
doordash.com, Cloudflare
dynu.net, 
ustream.tv, International Business Machines Corporation
costestimate.us, 
coppersurfer.tk, 
superhosting.cz, 
enoent.fr, 
serverprofi24.com, 
appwork.org, 
splashtop.com, 
symbiant.io, 
kqed.org, 
privacy-center.org, 
appflood.com, 
airpr.com, Cloudflare
ably.io, Cloudflare
bamcontent.com, 
mediatek.com, MEDIATEK INC.
smartnews.com, 
bannersnack.com, 
noteabley.com, 
fipradio.fr, 
franceinter.fr, 
usbla.net, 
googlehosted.com, 
247e.com, 
scnsrc.me, Cloudflare
123movieshubz.com, 
extramovies.host, 
ddlvalley.me, Cloudflare
myvideolinks.net, 
watchepisodes4.com, 
solarmoviefree.net, 
moviego.net, Cloudflare
moviesonline.gy, Team Internet AG
123123movies.net, 
watchfree1.com, 
domainstatic.com.au, 
unblckd.ist, Internet Widgits Pty Ltd
adadvisor.net, 
ctfassets.net, 
bangmod-idc.com, 
total-stream.net, 
totalstream.net, 
npocloud.nl, 
geotrust.com, DigiCert
greenwichmeantime.com, Cloudflare
fvpnz.co.nz, 
canalplus-bo.net, 
bouncex.net, Netlify
msecnd.net, 
clashroyale.com, 
telly.com, 
desire2learn.com, 
theadex.com, 
wt-eu02.net, 
thundernews.com, Cloudflare
eweka.nl, 
jwpltx.com, 
dtvcdn.com, 
portaltv.tv, 
r1-cdn.net, 
adgear.com, 
nrjaudio.fm, 
sglaser.com, 
welt.de, Axel Springer SE
sonarr.tv, Cloudflare
apusapps.com, 
cdnga.net, 
xiti.com, APPLIED TECHNOLOGIES INTERNET S.A.S.
gravityrd-services.com, 
symcd.com, 
shalltry.com, 
ogury.io, 
freeviewplay.net, 
avazunativeads.com, 
skydvn.com, 
tribalfusion.com, 
storygize.net, 
connexity.net, 
streamguys.net, StreamGuys
skycdp.com, 
dwin2.com, 
videologygroup.com, 
a3cloud.net, 
atlassian.com, Atlassian Pty Ltd
e-pages.dk, 
freshdesk.com, 
streamguys.us, StreamGuys
wifiradiofrontier.com, Frontier Smart Technologies Ltd
addrad.io, 
dynatrace.com, 
rockantenne.de, 
herewetest.com, 
yamaha.com, 
sailinglabapps.com, 
r53cioaccenturecloudstage.net, 
brightspotcdn.com, 
mediafire.com, 
sharp-stream.com, 
netyou.jp, 
trustpilot.com, 
telkom.net.id, 
oxylion.net.pl, 
kiwireport.com, 
tfgco.com, 
humaxtvportal.com, 
stanza.co, 
cdnstream.com, 
shoutcast.com, 
avantel.net.mx, 
polskieradio.pl, Polskie Radio S.A.
filemaker-cloud.com, 
cogeco.net, 
oceandraw.com, 
freetime-platform.net, 
vtuner.net, 
radioline.fr, 
audiogum.com, 
makerbot.com, Cloudflare
mobdro.sc, 
juicer.io, Cloudflare
yieldmanager.net, Oath Holdings Inc.
telus.digital, 
hyprmx.com, 
wattvision.com, 
ihomeaudio.com, 
luminmusic.com, 
libratone.com, Cloudflare
skycure.com, 
hismarttv.com, Juhaokan Technology Co.
primevideo.com, 
sony-asia.com, 
onesignal.com, Cloudflare
cableone.net, Cable ONE Inc.
bnc.lt, 
yandex.ru, Yandex LLC
france24.com, 
garr.it, Consortium GARR
dotsrc.org, 
jnsmedia.fr, 
nyt.com, 
pubnative.net, Cloudflare
ancestry.com, Cloudflare
getmysa.com, 
waze.com, 
brain-sharper.com, 
netflixdnstest7.com, 
vidora.com, 
thisamericanlife.org, 
stackadapt.com, 
seflow.it, 
gearsofwar.net, 
sopitasdeportes.com, 
reliableservers.com, 
wiredns.net, 
pocket-image-cache.com, 
onelink.me, 
foursquare.com, 
vivint.com, Vivint
fastlylb.net, 
truebill.com, 
apple-cloudkit.com, 
splkmobile.com, 
revcontent.com, 
cortana.ai, 
myacurite.com, 
akadns6.net, 
thirdiron.com, 
page.link, 
wistia.net, 
recaptcha.net, 
ctedgecdn.net, 
adknit.com, 
cnn.net, 
powvideo.net, 
movpod.in, 
gorillavid.in, 
tripadvisor.com, Tripadvisor LLC
gwallet.com, 
xtgreat.com, 
aljazeera.net, Al Jazeera
keen.io, 
netflixdnstest10.com, 
yetwp.com, 
strava.com, 
slack-edge.com, 
bouyguesbox.fr, 
6cloud.fr, 
bouygtel.fr, 
tf1.fr, TELEVISION FRANCAISE 1
m6web.fr, 
spideo.com, 
bouyguestelecom.fr, Bouygues Telecom SA
bytel.fr, 
francetelevisions.fr, 
filmotv.fr, 
clashofclans.com, 
vevoprd.com, 
panoramio.com, 
weatherlive.info, Cloudflare
b17g.services, 
inmobi.com, INMOBI TECHNOLOGIES PRIVATE LIMITED
ib-ibi.com, 
entertainow.com, 
vdo.ai, 
shareaholic.com, 
stackpathcdn.com, 
chatango.com, 
samsungapps.com, 
samsungpositioning.com, 
connatix.com, 
cuebiq.com, 
lionairthai.com, 
hkexpress.com, 
apptrk.io, 
evenue.net, 
tbnetwork.im, 
southwest.com, Southwest Airlines Co.
mobileadtrading.com, 
c2a.in, 
56txs4.com, 
cargurus.com, CarGurus
srvtwelve.com, 
tmol.io, 
anchor.fm, 
control4.com, 
spbtv.com, 
firefoxusercontent.com, 
iubenda.com, 
footprintdns.com, 
mb-cosmos.com, 
office.net, 
openstreetmap.org, 
zoho.com, 
pdfarchitect.org, 
tecnica-formazione-sicurezza.eu, 
hifuntv.com, 
shopbop.com, 
telkku.com, 
smardroid.com, 
mtg-api.com, 
bmo.com, Bank of Montreal
expedia.com, Expedia Group
thinknearhub.com, 
socialelitelab.com, 
admixer.net, 
lum-superproxy.io, 
mxpnl.com, 
sceneddl.online, Team Internet AG
pirateproxy.live, 
filmsofts.com, 
rmz.cr, 
audible.de, 
fonts.net, Cloudflare
heapanalytics.com, 
safedk.com, 
aerserv.com, 
sumo.com, 
piazza.com, 
keybaseapi.com, 
subscene.com, Cloudflare
homewizard.com, 
cognet.tv, 
official-coupons.com, 
amzns2s.com, 
awsstatic.com, 
livejasmin.com, Byborg IP S.a r.l.
grafana.com, Raintank Inc.
bustle.com, 
newshog.co, 
shifen.com, 
wsimg.com, 
joebiden.com, 
tapjoy.com, 
ssacdn.com, 
vungle.com, Cloudflare
tenjin.io, 
secb2b.com, 
umeng.com, 
machbird.com, 
cpcphone.com, 
gameanalytics.com, Cloudflare
wirelessregistry.com, 
33across.com, 
whitepages.com, 
callapp.com, Callapp Software Ltd
ovrc.com, Control4 Corporation
securecomwireless.com, SecureCom Wireless
torguard.org, 
btguard.com, 
ngi.it, 
onecomm.bm, 
icpnet.pl, 
telenor.hu, 
time.net.my, 
telecom.sk, Slovak Telekom
gowarriorathletics.com, 
google.com.tw, 
usa-streams.com, 
hiyaapi.com, 
t-mobile.com, T-Mobile USA
vodafone.com, Vodafone Group Services Limited
oneplus.net, 
cineplex.com, Cineplex Entertainment Corporation
epocrates.com, Athenahealth
animelab.com, 
dnaip.fi, 
gracedigital.com, 
open-telekom-cloud.com, T-Systems International GmbH
hicloud.com, 
247mahjong.com, 
cloudinary.com, Cloudinary Ltd
justinstalledpanel.com, 
visualstudio.com, Microsoft Corporation
stripe.com, Stripe
cdn-net.com, 
districtm.io, 
qualaroo.com, 
oceanwp.org, Cloudflare
lgblog.fr, 
slack-imgs.com, 
cornell.edu, Cornell University
mit.edu, Massachusetts Institute of Technology
trustwave.com, Trustwave Holdings
newscgp.com, 
rudderlabs.com, 
qustodio.com, 
flexihostings.net, 
giserver.info, 
redstation.co.uk, 
superawesome.tv, 
outturner.com, 
revjet.com, 
hayabusa.io, CyberAgent
ameba.jp, CyberAgent
woxcdn.com, 
xhcdn.com, 
chaturbate.com, Multi Media
cetusplay.com, 
etahub.com, 
keepa.com, 
basis.net, Cloudflare
wcfbc.net, 
vox.de, 
eurosport.com, 
bestbuy.com, Best Buy Co
livesegmentservice.com, 
oath.com, Oath Holdings Inc.
asus.com, ASUSTek Computer Inc.
cheddar.com, 
kik.com, 
dropboxcaptcha.com, Dropbox
giq-viz-img-amazon.com, 
media-allrecipes.com, 
247-inc.net, 
hostanalytics.com, 
contentdirect.tv, 
disneyinternational.com, The Walt Disney Company
flarecloud.net, 
tvaddons.co, 
toasttab.com, 
smartstudy.co.kr, 
nhlstatic.com, 
lda.xyz, 
met.no, Meteorologisk institutt
rainmachine.com, 
ceskatelevize.cz, 
purch.com, 
dashlane.com, Cloudflare
isprog.com, 
binance.us, BAM TRADING SERVICES INC.
raumfeld.com, 
icfcdn.com, 
agedbuddha.com, Cloudflare
epson.net, 
swedish-academy.org, 
plum.wine, 
88-f.net, 
tynt.com, 
gameloft.com, Gameloft
nabu.casa, 
nabucasa.com, 
nova.cz, 
cra.cz, 
macromill.com, 
comodoca4.com, 
histats.com, 
freedocast.com, 
meetrics.net, 
itvonline.nl, 
ra3ncmyg1p.com, 
socialgazette.com, 
o5o4o6.com, 
netdna-cdn.com, 
apptentive.com, 
bottlerocketservices.com, 
viaplay.fi, 
datadome.co, 
nemslinux.com, 
coder.com, Cloudflare
logitech.com, 
a-msedge.net, 
vrv.co, 
spotxcdn.com, 
smithsoniandigital.com, 
dedibox.fr, 
reutersmedia.net, 
forecast.io, 
jwpcdn.com, 
rtve.es, 
appstmira.eu, 
pulseway.com, MMSOFT Design Ltd
vivintsky.com, Vivint
spacemonkey.com, 
samsungadhub.com, 
indexww.com, 
slkimg.com, 
indigodomo.net, 
bensoftware.com, 
sc-prod.net, 
adition.com, 
uktv.co.uk, 
stv.tv, 
aljazeera.com, Al Jazeera
docker.io, 
metronetinc.com, 
mikrotec.com, 
miamioh.edu, Miami University
automatic.com, 
ifttt.com, 
ecouser.net, 
revenuecat.com, 
hubitat.com, 
room84.ch, 
paradise-distribution.com, 
aboveandbeyond.nu, 
entale.co, 
podcastone.com, 
thequantifiedbody.net, 
vidazoo.com, 
nocturnalradio.org, 
kyauandalbert.com, 
podomatic.com, Cloudflare
intel.com, Intel Corporation
rfi.fr, 
soletechnology.com, 
slacker.com, Slacker
galaxie.ca, 
navyfederal.org, Navy Federal Credit Union
sophosupd.com, 
utorrent.com, 
bittorrent.com, 
nzbgeek.info, Cloudflare
adj.st, Adjust GmbH
opentable.com, 
ticketmaster.ca, 
verizonwireless.com, 
bumble.com, 
hoteles.com, 
bird.co, 
ondemand.com, 
transmissionbt.com, 
mastercabo.com.br, 
baltnet.ru, 
ihug.co.nz, 
omlinux.info, 
adincube.com, 
gc-internal.net, 
tnt-ea.com, 
ups.com, United Parcel Service
feedly.com, 
netrange.com, 
tventry.com, 
btncdn.com, 
melon.co.kr, 
cjenm.com, CJ E&M Corporation
pjiptn.com, 
quilvem.com, 
teads.tv, 
algolia.net, Algolia
section.io, 
de.com, 
spiegel.de, 
kastenfisch.de, 
conative.de, 
usabilla.com, 
wral.com, 
bn765.com, 
playmakerservices.com, 
dotscreen.com, 
rttnx.net, 
mycloud.com, 
rapidgator.net, 
musixmatch.com, 
enosishermes.com, 
360overseas.com, Traffic
bikersbash.com, 
onyphe.io, 
research.com, Cloudflare
sparqnet.net, 
parallaxv.com, 
axntechnologies.in, 
versatel.nl, 
speedy.net.pe, 
contabo.host, 
177.in-addr.arpa, 
myrepublic.com.sg, Cloudflare
ts-astra.ru, 
cooolbox.bg, 
ip-176-31-248.eu, 
cloud-home.me, 
bom.gov.au, 
zerotier.com, 
oraclejava.net, 
corusdigitaldev.com, 
dictionary.com, 
rackcdn.com, 
sky.ch, Sky Deutschland Fernsehen GmbH & Co. KG
prxu.org, 
myportfolio.com, Adobe Inc.
kcrw.com, 
realtor.com, 
nchc.tv, 
unrulymedia.com, 
mbtace.com, 
fon.com, 
moovitapp.com, 
samsungepa.com, 
aerisapi.com, 
pwnedpasswords.com, 
samsungknowledge.com, 
tsp.li, 
bnr.nl, 
divicon-stream.net, 
divicon-stream.com, 
bigstar.tv, 
feelinsonice.com, 
rapidvideo.com, 
rainierland.is, 
cdnfile.info, 
pubfilm.is, 
thenailfiles.co.uk, 
sift.co, 
articlesvally.com, 
kataweb.it, 
nbcnews.com, NBCUniversal Media
ozsn.net, 
hotstar-cdn.net, 
akamaitech.net, 
telegram.org, 
quad9.net, Quad9
phoscon.de, 
gymondo.de, 
buzzsprout.com, Cloudflare
phyn.com, 
wistia.com, 
mobfox.com, 
samsunghealth.com, Samsung Electronics Co.
ikonkek2.com, 
ikea.net, 
teslaenergy.services, 
voipalarm.com, 
dediseedbox.com, Cloudflare
scalabledns.com, 
vodafone.cz, Vodafone Group Services Limited
netplus.co.in, 
leaseweb.com, 
paddock-pc.com, 
kipp.nz, 
myanonamouse.net, 
passthepopcorn.me, 
jproxies.xyz, 
aciravingfan.com, 
dynoquant.com, 
cue.cloud, 
criptonube.com, 
narewt.ru, 
mtpars.xyz, 
foodmoves.me, Squarespace
getpublica.com, 
froyogogo.com, 
vauctions.com, 
celulardireto.com.br, 
insoftar.com.co, 
channeladvisor.com, ChannelAdvisor Corporation
nip.io, 
levyjewelers.com, Cloudflare
plusregistry.org, 
terrafui.com, 
vbspbx.com, 
skyq.info, 
monkeybrains.net, 
hunterdouglas.com, Hunter Douglas
hughes.net, 
cprapid.com, 
pi-charter.net, 
digitalgov.gov, 
triple-it.nl, 
ip-51-38-83.eu, 
di.fm, Cloudflare
metabroadcast.com, 
messagelabs.com, Broadcom Inc
ib0x.org, 
uptimerobot.com, Cloudflare
warezwaldo.org, 
getpiper.com, Icontrol Networks Canada ULC
flosecurecloud.com, 
flotech.co, 
ipinfodb.com, 
tvr-ddns.net, Carrier Corporation
epson.biz, 
hik-online.com, 
vianaaws.jp, 
fdt.us, 
mtproto.world, 
kalay.net.cn, 
anki.com, 
mobdro.sx, 
scpr.org, 
myopenhab.org, 
notifiarr.com, Cloudflare
servarr.com, 
gtdb.to, 
torrentfunk.com, Cloudflare
limetorrents.pro, 
eztv.re, 
bryant.com, Cloudflare
stownpodcast.org, 
hualaikeji.com, 
raspberrypi.org, 
4store.com, 
icflix.com, 
yousee.tv, 
watchaid.tv, 
psdops.com, 
libsynpro.com, 
serialpodcast.org, 
gimletmedia.com, 
cmore.se, 
radioarizonarv.com, 
theteslashow.com, 
techcastdaily.com, 
unblockninja.com, 
torrentleech.org, 
zaijia.com, 
jomodns.com, 
baseng.top, 
bitcoinstats.com, 
nuki.io, 
homeseer.com, 
warnerbros.com, WARNER BROS. ENTERTAINMENT INC.
ultraseedbox.com, 
switch-bot.com, 
dimsum.party, 
suibian.mobi, 
telia.net, 
thisisdax.com, GLOBAL MEDIA GROUP SERVICES LIMITED
quebyte.net, 
b5p.us, 
pagekite.net, 
my-gogogate.com, 
remsoleurope.com, 
gogriddy.com, 
roadkeel.com, 
binaryedge.ninja, 
openportstats.com, 
gm.ca, General Motors LLC
arubacloud.com, Aruba S.p.A.
inversepath.com, 
rotek.ru, 
videoseeing.com, 
zhaomiju.com, 
88110k.cn, 
uu.hn, 
xinhaizhiye.com.cn, 
lipperhey.com, 
accdy.cn, 
optipacetech.com, 
20hb.com, 
0ni.red, 
kat.li, 
s.net.pl, 
journalbroadcastgroup.com, 
rayjump.com, 
bloomsky.com, 
formpipe.com, Formpipe Software AB
tbn.org, Trinity Broadcasting Network
enlacetelecom.com.br, 
tum.de, Leibniz-Rechenzentrum der Bayerischen Akademie d.Wissenschaften
virtual1.co.uk, 
airtel.net, 
flexitive.com, 
myfairpoint.net, Consolidated Communications
aspadmin.net, 
tequilaboomboom.club, 
pacswitch.com, 
jovision.com, 
aqara.cn, 
livedrive.com, 
fibaro.com, Cloudflare
scientific.de, 
carrierzone.com, 
chefsteps.com, Breville Pty Limited
vennemindenet.dk, 
kohler.com, 
stringify.com, 
inspectlet.com, Cloudflare
atom.io, GitHub
foxtel.com.au, FOXTEL Management Pty Limited
eero.com, 
av380.net, \U5E7F\U5DDE\U5E02\U5B8F\U89C6\U7535\U5B50\U6280\U672F\U6709\U9650\U516C\U53F8
av380.cn, 
iplogin.ca, 
olivalabs.com, 
overkiz.com, 
oakter.com, 
bosch.de, Robert Bosch GmbH
pumpspy.com, 
hostedgraphite.com, 
scalyr.com, Scalyr Inc.
devicetask.com, 
radioroku.com, 
bosch-smarthome.com, Robert Bosch GmbH
discovergy.com, 
telegate.com.sg, 
currant.com, 
zswitch.net, 
fonet.dk, 
pix-star.com, 
mynuheat.com, nVent Management Company
infopbx.net, 
iqolsys.com, 
anymilight.com, 
ogemray-server.com, 
hivehome.com, 
