"Domains By Proxy, LLC"
WhoIs Privacy Service
GDPR Masked
Digital Privacy Corporation
Domain Protection Services  Inc.
Whois Privacy (enumDNS dba)
Privacy service provided by Withheld for Privacy ehf
My Private Registration 
Whois Data Protection Sp. z o.o.
PCCW-HKT DataCom Services Limited
Proxy Protection LLC
"CSC Corporate Domains, Inc."
Domain Privacy Service FBO Registrant.
Statutory Masking Enabled
Shield Whois
Privacy protection service - whoisproxy.ru 
Privacy Protect  LLC (PrivacyProtect.org)
Contact Privacy Inc. Customer 7151571251
DNStination Inc.
Privacy Inc. Customer 7151571251
Privacy Protection
Privacy Hero Inc.
Service Online LLC
c/o whoisproxy.com
"ARRIS Group, Inc."
IP-Projects GmbH & Co. KG
"Vitalwerks Internet Solutions, LLC"
"Domain Protection Services, Inc."
See PrivacyGuardian.org
Privacy protection service - r01.whoisproxy.ru. 
Charleston Road Registry  Inc.
"Whois Privacy Protection Service, Inc."
GKG.NET Domain Proxy Service
Whois Privacy Protection Service by onamae.com
"iHM Identity, Inc."
"Whois protection, this company does not own this domain name s.r.o."
myLoc Managed IT AG
Cyber Power LLC
Moniker Privacy Services 
Unixmedia s.r.l
"Privacy Protect, LLC (PrivacyProtect.org)"
Whois Privacy - Com Laude
Private by Design  LLC
Charleston Road Registry Inc
Private Person
No-IP Dynamic DNS
Rethem Hosting
ANO MSK-IX
Internet Privacy Limited
PrivateName Services Inc
MyPrivacy.net
REDACTED FOR PRIVACY
DATA REDACTED 
Not Disclosed 
Not Available 
Redacted 
Redacted for Privacy Purposes 
Data Protected 
Withheld for Privacy Purposes 
Personal data  can not be publicly disclosed according to applicable laws.
Whois Privacy Protection Foundation
Whois Privacy Corp.
"['Data Protected', 'REDACTED FOR PRIVACY']"
Identity Protection Service
Jewella Privacy LLC Privacy ID# 12838513
Jewella Privacy LLC Privacy ID# 11491303
Super Privacy Service LTD c/o Dynadot
Identity Protection Service
NameBrightPrivacy.com
"['NA', 'REDACTED FOR PRIVACY']"
